# Blender 5.0.1
# www.blender.org
mtllib tsuji.mtl
o node_0
v 0.492995 0.204225 -0.426803
v 0.525408 0.236128 -0.384885
v 0.512452 0.309794 -0.417991
v 0.490749 0.126570 -0.349836
v 0.530444 0.207147 -0.334188
v 0.463282 0.133970 -0.406340
v 0.494277 0.127267 -0.299949
v 0.449892 0.077198 -0.266590
v 0.470516 0.234887 -0.453773
v 0.504322 0.368721 -0.383786
v 0.474036 0.356659 -0.436597
v 0.458981 0.290070 -0.460285
v 0.465532 0.388796 -0.416023
v 0.234818 0.161898 -0.263082
v 0.251214 0.193325 -0.282695
v 0.321188 0.373527 -0.354216
v 0.381347 0.405051 -0.378512
v 0.338712 0.393551 -0.351935
v 0.346851 0.087222 -0.408876
v 0.270349 0.040114 -0.341752
v 0.355220 0.164661 -0.446984
v 0.276627 0.107564 -0.385886
v 0.303359 0.203403 -0.428520
v 0.365214 0.293230 -0.457723
v 0.409034 0.225270 -0.465974
v 0.365243 0.371051 -0.425867
v 0.406721 0.314172 -0.463075
v 0.434360 0.348520 -0.452207
v 0.422868 0.397480 -0.418787
v 0.121034 0.034361 -0.184320
v 0.280121 0.264770 -0.394851
v 0.310446 0.317222 -0.413203
v 0.233763 0.145452 -0.330382
v 0.192260 0.094658 -0.277681
v 0.108467 0.054175 -0.191505
v 0.099925 0.068491 -0.177347
v 0.218399 0.133125 -0.293115
v 0.292327 0.332356 -0.365136
v 0.323950 0.367913 -0.384046
v 0.277685 0.304708 -0.324403
v 0.191320 0.114771 -0.233452
v 0.368538 0.394398 -0.395785
v 0.447071 0.404126 -0.392118
v -0.129562 0.018133 0.081357
v 0.213661 0.125320 -0.223851
v 0.237847 0.130461 -0.198469
v 0.142556 0.071612 -0.152548
v 0.422180 0.052089 -0.225792
v 0.345911 0.021950 -0.186077
v 0.271062 0.005195 -0.168015
v 0.425927 0.046176 -0.241019
v 0.249151 0.195853 -0.266539
v 0.274260 0.312370 -0.319452
v 0.284369 0.332375 -0.316056
v 0.489964 0.109493 -0.270982
v 0.528725 0.185910 -0.309104
v 0.502189 0.120816 -0.292925
v 0.537967 0.261756 -0.335066
v 0.530348 0.339763 -0.365052
v 0.498333 0.391214 -0.377325
v 0.534564 0.292986 -0.360572
v 0.298047 0.329744 -0.314817
v 0.486193 0.384926 -0.369282
v 0.437966 0.404835 -0.371819
v 0.392135 0.402062 -0.362901
v 0.260367 0.012775 -0.156188
v 0.425476 0.393208 -0.337747
v 0.472967 0.360340 -0.320190
v 0.500426 0.321093 -0.313701
v 0.446523 0.272019 -0.247225
v 0.519977 0.330151 -0.352552
v 0.485754 0.200254 -0.258395
v 0.528486 0.231468 -0.321112
v 0.497281 0.138742 -0.284451
v 0.445490 0.080464 -0.243009
v 0.430814 0.169303 -0.215658
v 0.379991 0.085283 -0.190817
v 0.234022 0.028422 -0.151405
v 0.318931 0.028563 -0.176087
v 0.198229 0.053848 -0.142841
v 0.116456 0.048341 -0.150193
v 0.343767 0.381411 -0.341063
v 0.408799 0.360338 -0.291081
v 0.288782 0.192054 -0.228809
v 0.260389 0.189940 -0.262846
v 0.328085 0.328098 -0.286725
v 0.382325 0.311832 -0.255181
v 0.325378 0.163116 -0.193509
v 0.291250 0.062362 -0.153957
v 0.235416 0.089115 -0.153522
v 0.431685 0.417590 -0.381762
v 0.209558 0.135100 -0.230479
v 0.207306 0.134847 -0.240993
v -0.142158 0.000568 -0.019540
v -0.141185 0.008640 -0.028295
v 0.168437 0.026265 -0.145688
v 0.173213 0.013429 -0.193446
v 0.186663 0.035065 -0.272513
v 0.229697 0.006017 -0.259596
v 0.300947 0.021962 -0.326159
v 0.360782 0.048366 -0.364892
v 0.128735 0.035164 -0.158922
v 0.337928 0.017448 -0.298165
v 0.273459 0.005358 -0.223062
v 0.381273 0.035797 -0.224844
v 0.229691 0.015341 -0.167577
v 0.431332 0.061294 -0.311314
v 0.411383 0.071145 -0.375041
v 0.412646 0.148046 -0.444646
v 0.092204 0.062046 -0.166937
v 0.132736 0.032651 -0.127540
v 0.068751 0.029516 -0.147759
v 0.080542 0.009265 -0.090821
v -0.070897 0.011310 -0.107305
v 0.219761 0.051708 -0.045416
v 0.204979 0.027166 -0.010897
v 0.173532 0.017694 -0.038532
v 0.150875 0.024930 -0.084080
v 0.147883 0.004830 0.032221
v 0.095425 0.009075 0.060641
v 0.067870 0.011756 0.086765
v -0.094720 0.008376 0.067565
v -0.119934 0.018711 -0.107966
v 0.189549 0.075265 -0.113893
v 0.120402 0.117988 0.282488
v 0.108480 0.146570 0.293309
v 0.125181 0.070897 0.266645
v 0.075610 0.013488 0.232110
v -0.296580 0.137122 0.190737
v -0.287878 0.074119 0.177745
v -0.306690 0.102438 0.174435
v 0.122629 0.815062 0.026513
v -0.249725 0.014319 0.165348
v -0.256829 0.153777 0.200743
v -0.200451 0.071444 0.184197
v -0.213944 0.027337 0.169210
v -0.231348 0.010541 0.153465
v -0.160100 0.008475 0.031219
v 0.089051 0.656772 -0.151319
v 0.143210 0.701409 -0.109560
v 0.032034 0.577163 -0.180593
v 0.091938 0.525877 -0.168358
v 0.189184 0.568625 -0.124183
v 0.205834 0.620712 -0.100528
v -0.037857 0.596558 -0.179423
v 0.201059 0.505623 -0.117165
v 0.236741 0.678350 -0.045344
v 0.167177 0.739028 -0.069171
v 0.164007 0.476129 -0.129293
v 0.300592 0.501502 -0.025237
v 0.001794 0.487716 -0.172368
v 0.295284 0.556283 -0.013471
v 0.194571 0.748185 -0.035091
v 0.250549 0.696824 -0.000572
v 0.277981 0.784448 0.002285
v 0.229832 0.815282 -0.021105
v 0.257199 0.742140 -0.011520
v 0.283526 0.800259 0.021231
v 0.268501 0.850750 0.025915
v -0.013255 0.682464 -0.158926
v 0.097237 0.452933 -0.140564
v 0.270837 0.718988 0.017466
v -0.190580 0.011018 -0.029956
v -0.248936 0.018446 0.147418
v -0.174148 0.028267 -0.097166
v -0.078746 0.035966 -0.153450
v -0.270362 0.033793 0.154445
v 0.209804 0.388455 0.029930
v 0.264445 0.439681 -0.018919
v 0.313734 0.458835 0.047861
v 0.319697 0.471000 0.047705
v 0.242889 0.407583 0.062195
v 0.139621 0.362763 0.075060
v 0.231396 0.453128 -0.070951
v 0.161835 0.425246 -0.093744
v 0.117496 0.392668 -0.076421
v 0.108484 0.385781 -0.072079
v 0.064043 0.392760 -0.087287
v -0.041186 0.439787 -0.144207
v -0.121104 0.387579 -0.072747
v 0.130244 0.357002 0.086078
v -0.179890 0.380614 -0.021336
v -0.185313 0.369181 0.034435
v -0.158697 0.364988 0.077258
v -0.263339 0.408292 0.068536
v -0.322254 0.460975 0.043728
v -0.161881 0.465122 -0.131984
v -0.259511 0.407491 0.058364
v -0.332454 0.463227 0.061502
v -0.330920 0.469389 0.047338
v 0.297961 0.567894 0.057769
v 0.345267 0.527370 0.058396
v 0.242606 0.707927 0.042217
v 0.246801 0.719124 0.035382
v -0.198486 0.283730 0.133643
v -0.214669 0.314668 0.058712
v -0.177065 0.304611 0.134470
v -0.218702 0.318778 0.018709
v -0.147882 0.211059 0.191429
v -0.131927 0.219441 0.198937
v -0.169839 0.250258 0.182946
v -0.130233 0.191195 0.185598
v -0.169492 0.208191 0.172256
v -0.199137 0.231690 0.145945
v -0.183570 0.205291 0.147482
v -0.223085 0.258758 0.073002
v -0.091782 0.197794 0.203618
v -0.160890 0.184835 0.171541
v -0.113322 0.194251 0.194432
v -0.215867 0.220347 0.113140
v -0.236153 0.292315 0.034251
v -0.198645 0.367609 -0.016724
v -0.221807 0.325968 -0.004538
v 0.038703 0.119535 0.269676
v 0.059954 0.027147 0.244416
v 0.036354 0.148464 0.273829
v 0.063163 0.154919 0.284255
v 0.058264 0.016598 0.233207
v 0.030311 0.076758 0.249609
v 0.077607 0.167992 0.289958
v -0.138287 0.175721 0.172717
v -0.159104 0.188098 0.147588
v -0.112784 0.181698 0.175513
v -0.185007 0.192393 0.131299
v -0.091966 0.192511 0.190484
v -0.084587 0.218521 0.191449
v 0.111007 0.226072 0.184555
v 0.148561 0.250234 0.120151
v 0.096416 0.260502 0.202628
v 0.094468 0.207215 0.180485
v 0.053415 0.208458 0.218763
v 0.028256 0.192596 0.211001
v -0.309874 0.567881 0.059007
v -0.291088 0.665284 0.036231
v -0.280608 0.663686 0.046297
v -0.255121 0.712744 0.042148
v -0.347981 0.515499 0.067557
v -0.265586 0.715784 0.033466
v -0.212753 0.389606 0.089669
v -0.119437 0.363267 0.110817
v -0.059872 0.354761 0.136837
v -0.038418 0.380444 0.183956
v -0.216473 0.414655 0.139083
v -0.201280 0.457149 0.180924
v -0.006639 0.422085 0.229655
v -0.239676 0.446527 0.151002
v -0.115511 0.455345 0.206519
v -0.004460 0.483391 0.264736
v -0.050116 0.472119 0.245673
v -0.198747 0.057350 0.173060
v -0.163069 0.061829 0.117301
v -0.204244 0.097546 0.172773
v -0.187040 0.146318 0.113958
v -0.207720 0.119517 0.187629
v -0.222026 0.139274 0.188384
v -0.153598 0.026794 0.077507
v -0.217352 0.130361 0.197661
v -0.017746 0.825471 0.006048
v -0.082379 0.808095 -0.036792
v -0.132045 0.806690 0.009381
v 0.056300 0.820255 0.007946
v 0.069355 0.808336 -0.034434
v 0.118843 0.805106 0.007360
v -0.029647 0.799380 -0.066580
v 0.067906 0.782238 -0.078909
v -0.176937 0.776504 -0.033557
v 0.144403 0.790243 -0.023565
v 0.028770 0.742200 -0.125215
v -0.064275 0.753897 -0.114267
v -0.183980 0.819011 -0.016351
v -0.218653 0.863593 0.026609
v -0.265273 0.853828 0.008216
v -0.232999 0.824826 -0.020576
v -0.259667 0.864142 0.029361
v -0.283818 0.846188 0.027902
v -0.279706 0.827187 0.000644
v -0.258452 0.771254 -0.020373
v -0.291434 0.760642 0.005695
v -0.232146 0.737358 0.006209
v -0.177946 0.789838 0.026696
v -0.258290 0.713158 0.026119
v 0.019249 0.825162 0.028429
v -0.062959 0.821156 0.028190
v -0.132973 0.804761 0.030078
v -0.085405 0.804915 0.073668
v -0.146472 0.797336 0.038480
v -0.161339 0.795179 0.039808
v -0.280108 0.573245 0.102329
v -0.262150 0.678108 0.068926
v -0.210144 0.734131 0.078677
v -0.146456 0.767576 0.096670
v -0.076013 0.693839 0.184260
v -0.006735 0.652488 0.218816
v -0.154891 0.697685 0.147804
v -0.044094 0.651713 0.212060
v -0.005062 0.554307 0.254528
v -0.024830 0.548328 0.251896
v 0.069477 0.558758 0.186762
v 0.091021 0.526385 0.190733
v 0.021853 0.541815 0.254149
v 0.021741 0.526261 0.268354
v 0.071220 0.511273 0.225039
v 0.053551 0.506941 0.240881
v 0.120460 0.804842 0.033197
v 0.053544 0.289100 0.176512
v 0.000025 0.250568 0.219782
v 0.063142 0.315148 0.150636
v 0.100014 0.315474 0.159497
v 0.043276 0.253432 0.226888
v 0.102087 0.359545 0.108781
v -0.000734 0.318293 0.165663
v 0.038204 0.290851 0.169339
v 0.008365 0.257528 0.201193
v 0.243616 0.158527 0.075714
v 0.205251 0.197295 0.100002
v 0.191770 0.319774 0.037055
v 0.173037 0.285694 0.082357
v 0.138897 0.287133 0.149255
v 0.204021 0.121248 0.156230
v 0.164922 0.159859 0.185226
v 0.222149 0.276305 0.008185
v 0.164377 0.372873 -0.002096
v 0.126200 0.101712 0.239704
v 0.098302 0.132211 0.230376
v 0.186437 0.193200 0.116760
v 0.130680 0.181536 0.179229
v 0.205294 0.818435 0.004629
v 0.233690 0.774520 0.003801
v 0.202278 0.750214 0.001905
v 0.170119 0.782148 0.009563
v 0.239421 0.816043 0.007159
v 0.244399 0.756052 0.004637
v -0.123319 0.026137 0.108645
v -0.087929 0.033937 0.146745
v 0.134054 0.797884 0.038986
v 0.030307 0.800413 0.093763
v 0.144341 0.793355 0.046124
v 0.092535 0.748930 0.133760
v 0.170486 0.754293 0.082147
v -0.018113 0.753489 0.153429
v 0.052994 0.684696 0.191708
v 0.142453 0.696143 0.147728
v 0.082508 0.699655 0.172671
v 0.227762 0.686155 0.086732
v 0.199240 0.665829 0.124873
v 0.027375 0.637866 0.217060
v 0.163813 0.800727 0.028347
v 0.171737 0.782091 0.023336
v 0.268142 0.662531 0.046621
v 0.027595 0.586939 0.229186
v 0.268953 0.573585 0.101985
v 0.227466 0.731230 0.010786
v 0.058690 0.490993 0.235959
v 0.132373 0.491304 0.198895
v 0.041819 0.489296 0.254193
v 0.007913 0.493405 0.271507
v 0.041631 0.473684 0.242963
v 0.102327 0.436337 0.197852
v 0.204695 0.475795 0.179063
v 0.170681 0.427681 0.170002
v 0.230924 0.472402 0.164130
v 0.003917 0.515763 0.276936
v 0.207208 0.408576 0.129402
v 0.246038 0.414020 0.085100
v 0.157749 0.377038 0.093088
v 0.011757 0.350811 0.143331
v 0.108077 0.363442 0.112814
v 0.022916 0.374336 0.176287
v 0.098330 0.157910 0.197355
v 0.128910 0.185792 0.160335
v 0.170908 0.194547 0.113957
v 0.301700 0.563629 0.038149
v 0.308124 0.572141 0.048020
v 0.278068 0.665876 0.036275
v 0.255173 0.700223 0.028574
v 0.339628 0.523496 0.049410
v 0.338224 0.509332 0.067388
v 0.307215 0.494309 0.059263
v -0.076949 0.316030 0.154253
v -0.139514 0.310675 0.129701
v -0.163013 0.356557 0.082246
v -0.139346 0.248383 0.197678
v -0.143061 0.289100 0.148885
v -0.099254 0.246742 0.196967
v -0.117092 0.283352 0.151727
v 0.156465 0.559675 0.155900
v 0.116183 0.535680 0.197782
v 0.145663 0.528224 0.169883
v 0.135934 0.552177 0.194189
v 0.151156 0.569216 0.174597
v 0.145251 0.591860 0.158560
v 0.133406 0.564414 0.194477
v 0.092519 0.573860 0.199391
v 0.079395 0.588541 0.182950
v 0.115042 0.573186 0.200574
v 0.119372 0.590991 0.188248
v 0.110895 0.603920 0.170440
v 0.099547 0.595608 0.187891
v 0.125427 0.657919 0.180139
v 0.056659 0.632510 0.209965
v 0.232420 0.569478 0.142686
v 0.188346 0.623201 0.156074
v -0.263043 0.855230 0.042840
v 0.298143 0.494858 0.097714
v 0.333618 0.519997 0.065411
v 0.297790 0.496205 0.073366
v -0.339005 0.512661 0.070997
v -0.258553 0.164117 0.186253
v -0.281275 0.166519 0.187716
v -0.256121 0.168619 0.193456
v 0.135003 0.201962 0.136496
v 0.096191 0.180131 0.173352
v -0.138936 0.311467 0.136652
v -0.092367 0.248071 0.183611
v -0.309078 0.496108 0.099220
v -0.266850 0.525653 0.143650
v -0.223422 0.653363 0.122143
v 0.051220 0.045940 0.155317
v 0.031375 0.020247 0.127209
v -0.030107 0.018831 0.139446
v 0.082908 0.013266 0.095839
v -0.032159 0.051635 0.174336
v 0.042357 0.085893 0.180309
v 0.025277 0.005482 0.125375
v 0.197086 0.525263 0.167003
v 0.191345 0.509375 0.176591
v 0.172531 0.509779 0.181192
v 0.176934 0.525095 0.169834
v 0.161562 0.511724 0.180757
v 0.154966 0.364632 0.094280
v 0.321667 0.460537 0.075563
v 0.210365 0.379172 0.075144
v 0.316564 0.473714 0.075282
v 0.072595 0.189846 0.170788
v 0.004222 0.182370 0.205083
v 0.003798 0.183468 0.190915
v 0.144700 0.240548 0.114182
v -0.123778 0.357207 0.106494
v -0.116305 0.012495 0.115483
v -0.022765 0.008502 0.139341
v -0.295001 0.795078 0.019753
v -0.290747 0.772969 0.032097
v -0.279554 0.755708 0.022894
v -0.239496 0.164726 0.097022
v -0.259551 0.117693 0.136211
v -0.177913 0.192698 0.117746
v 0.061205 0.024483 0.221137
v 0.129362 0.010077 0.127204
v 0.196756 0.025333 0.069831
v 0.065988 0.028103 0.153172
v -0.014617 0.012617 0.122866
v 0.050686 0.006339 0.104704
v -0.075989 0.004555 0.119728
v -0.138420 0.007358 0.080004
v -0.168954 0.010895 0.049451
v -0.350078 0.514340 0.052669
v -0.326943 0.493303 0.069859
v -0.321637 0.494449 0.059397
v -0.019764 0.494537 0.270878
v -0.052413 0.488341 0.254730
v -0.018474 0.519340 0.280775
v -0.168892 0.372378 -0.040124
v -0.128765 0.392199 -0.076982
v -0.162468 0.388194 -0.051811
v -0.236265 0.274078 0.033758
v -0.220361 0.309799 0.001783
v -0.227511 0.265562 0.035791
v -0.079518 0.227187 0.178744
v -0.085106 0.196563 0.179763
v -0.208196 0.196997 0.058113
v -0.221169 0.177392 0.099298
v -0.231231 0.186402 0.057360
v -0.226260 0.193639 0.017186
v -0.245753 0.125380 0.136708
v -0.220750 0.123515 0.153775
v -0.327815 0.472285 0.075989
v -0.307613 0.495508 0.073593
v -0.352725 0.509678 0.043823
v -0.316767 0.483504 0.010179
v -0.273675 0.469000 -0.052654
v -0.264872 0.423959 -0.004623
v -0.209394 0.420947 -0.067101
v -0.077933 0.518194 -0.174861
v 0.097920 0.082964 -0.173057
v -0.227018 0.230861 0.078300
v -0.024575 0.562183 0.268889
v 0.012820 0.561607 0.277514
v 0.030098 0.546665 0.262895
v -0.337656 0.480147 0.054595
v -0.058966 0.322532 0.161376
v 0.076675 0.164975 0.169344
v 0.047020 0.111473 0.218370
v 0.065910 0.128872 0.220038
v 0.037898 0.139606 0.259699
v 0.048136 0.153141 0.260774
v 0.035761 0.060806 0.219976
v 0.128446 0.194574 0.126997
v 0.041278 0.059151 0.237209
v -0.004579 0.485630 0.275350
v 0.239578 0.099103 -0.045477
v 0.228624 0.152369 -0.078848
v 0.163830 0.122302 -0.147356
v 0.181554 0.183263 -0.126512
v 0.186019 0.258047 -0.093934
v 0.177223 0.321922 -0.060846
v 0.116737 0.078643 -0.166179
v 0.122334 0.163434 -0.163698
v 0.100986 0.327646 -0.118034
v -0.001811 0.398257 -0.095464
v 0.008481 0.162313 -0.185422
v -0.014342 0.312694 -0.143214
v 0.061928 0.251680 -0.158595
v -0.098542 0.257679 -0.149715
v -0.064357 0.143143 -0.181718
v -0.073282 0.360858 -0.112746
v -0.102921 0.091746 -0.173545
v -0.157852 0.128600 -0.153086
v -0.152373 0.251021 -0.126053
v 0.010408 0.074768 -0.180527
v -0.153607 0.348643 -0.078428
v -0.197211 0.130856 -0.124232
v -0.117008 0.056992 -0.158439
v -0.180745 0.074376 -0.129402
v 0.232944 0.866634 0.030055
v 0.258575 0.849832 0.006754
v 0.214216 0.848664 -0.003368
v 0.170145 0.847172 0.014005
v -0.258528 0.169740 0.067918
v -0.273364 0.150932 0.049508
v -0.239430 0.187541 -0.038515
v -0.266028 0.129382 -0.026310
v -0.200955 0.305813 -0.053194
v -0.223370 0.237672 0.035640
v -0.214739 0.175453 -0.099158
v -0.276970 0.089064 0.132310
v -0.271244 0.094049 -0.011752
v -0.277409 0.065035 0.130583
v -0.292784 0.079584 0.162596
v -0.296934 0.137417 0.171624
v -0.253534 0.045439 0.006416
v -0.226607 0.038298 -0.048298
v -0.226852 0.078674 -0.087006
v -0.193482 0.525226 0.170999
v -0.038648 0.530412 0.264621
v -0.017738 0.518237 0.268475
v -0.072188 0.505862 0.250046
v -0.062154 0.475723 0.252474
v -0.204223 0.525962 0.169568
v -0.206231 0.509189 0.179911
v 0.122404 0.126446 0.273384
v 0.121559 0.144707 0.284522
v 0.123474 0.078826 0.252021
v 0.216728 0.076275 0.127056
v 0.244722 0.108137 0.079166
v 0.252826 0.167396 0.020419
v 0.108518 0.031846 0.244494
v 0.204901 0.029981 0.086693
v 0.238338 0.067172 0.059005
v -0.245556 0.160363 0.206176
v 0.031833 0.175266 0.202683
v 0.066278 0.186925 0.199880
v 0.095276 0.190854 0.169850
v 0.122861 0.212325 0.161425
v -0.178107 0.526232 0.173875
v -0.188653 0.509740 0.181469
v 0.190360 0.531042 0.176914
v 0.184792 0.513333 0.186031
v 0.204642 0.844952 0.033326
v 0.163318 0.826853 0.035450
v 0.242760 0.849570 0.033738
v -0.274377 0.029377 0.164265
v 0.211456 0.022051 0.082988
v 0.093570 0.005698 0.192677
v 0.174309 0.006959 0.096332
v 0.013099 0.199500 0.225288
v 0.031798 0.217402 0.226730
v 0.253858 0.853610 0.042148
v 0.278420 0.776146 0.032420
v 0.028138 0.542760 0.280088
v -0.097237 0.208654 0.198324
v -0.119840 0.228075 0.202427
v -0.005047 0.210099 0.221077
v 0.062645 0.490108 0.245306
v -0.273561 0.829932 0.029301
v 0.322759 0.467831 0.063443
v 0.320310 0.491351 0.071180
v -0.177788 0.823560 0.034907
v -0.210586 0.842496 0.034192
v -0.035793 0.834630 0.017356
v 0.054454 0.831025 0.016162
v -0.138257 0.815609 0.018750
v -0.248459 0.156647 0.171614
v -0.281176 0.156024 0.168037
v 0.208954 0.527925 0.172117
v -0.020161 0.210812 0.199630
v 0.129415 0.807322 0.046447
v 0.265615 0.818843 0.027506
v 0.198502 0.851691 0.044561
v -0.221614 0.510487 0.174799
v -0.211838 0.529829 0.169257
v -0.151786 0.563145 0.190939
v -0.149672 0.550735 0.193027
v 0.264668 0.138169 0.015897
v 0.239640 0.044859 0.049611
v 0.237692 0.060718 0.038473
v -0.042070 0.549077 0.267842
v -0.035537 0.546059 0.285219
v 0.141736 0.559042 0.188945
v 0.264047 0.747152 0.023004
v 0.056444 0.506151 0.251467
v -0.318509 0.487467 0.045163
v 0.174864 0.529999 0.178854
v 0.041700 0.195841 0.220696
v 0.325914 0.461039 0.055952
v 0.325246 0.483031 0.050738
v 0.307266 0.487818 0.046447
v 0.055825 0.167715 0.274961
v 0.140176 0.225063 0.128204
v -0.301930 0.149438 0.185005
v 0.241938 0.245016 -0.010845
v 0.252459 0.164643 0.000103
v 0.227349 0.262279 -0.015048
v 0.187045 0.356203 -0.015232
v 0.170556 0.362849 -0.021061
v 0.168826 0.382666 -0.026663
v 0.234749 0.271247 -0.000299
v 0.195414 0.347001 0.001143
v -0.016635 0.211924 0.209626
v 0.045684 0.212558 0.222955
v -0.073051 0.493104 0.237279
v -0.114337 0.595266 0.189412
v -0.135063 0.604110 0.166971
v -0.090422 0.587916 0.182345
v -0.163253 0.583737 0.157292
v -0.239838 0.006545 0.142698
v 0.017835 0.226896 0.228697
v 0.004926 0.203484 0.216186
v 0.005904 0.536827 0.291148
v -0.336979 0.472884 0.074199
v 0.082129 0.166599 0.275204
v 0.068133 0.164796 0.258446
v 0.099017 0.158817 0.263879
v -0.142904 0.804837 0.046162
v -0.164426 0.838855 0.019703
v -0.175197 0.834380 0.045261
v -0.355684 0.518876 0.034173
v -0.313108 0.567031 0.037298
v -0.308468 0.563385 -0.006605
v -0.263260 0.699095 -0.001352
v -0.248130 0.669165 -0.054061
v -0.217826 0.741260 -0.032481
v -0.265018 0.532932 -0.076610
v -0.188018 0.627518 -0.121547
v -0.195020 0.711917 -0.080605
v -0.200366 0.515680 -0.128493
v -0.131572 0.729279 -0.107693
v -0.124635 0.571320 -0.161547
v -0.096125 0.660507 -0.152801
v 0.255634 0.079655 0.045360
v -0.233712 0.388729 0.085998
v 0.200561 0.508449 0.177626
v -0.142035 0.558861 0.195304
v -0.063416 0.506696 0.244164
v -0.009063 0.253505 0.196241
v -0.105653 0.577904 0.198782
v 0.346465 0.519745 0.035336
v 0.298818 0.570519 0.017184
v -0.252553 0.849914 0.033768
v 0.017220 0.194334 0.213900
v -0.319587 0.572693 0.047276
v 0.044670 0.473334 0.253647
v -0.011179 0.229782 0.186993
v 0.012291 0.135824 0.194413
v -0.054940 0.122471 0.193626
v -0.093812 0.113759 0.181611
v -0.132158 0.085253 0.157558
v 0.247637 0.714907 0.024377
v -0.243094 0.826569 0.008199
v -0.251704 0.738041 0.008127
v -0.209287 0.812714 0.005892
v -0.182459 0.784445 0.009043
v -0.254122 0.775532 0.004378
v -0.353943 0.530392 0.057477
v 0.308960 0.481921 0.020230
v -0.005705 0.195062 0.221864
v -0.123872 0.569191 0.200505
v -0.134703 0.586590 0.191238
v -0.119312 0.521566 0.188165
v -0.171314 0.554098 0.158967
v -0.248400 0.564604 0.141843
v -0.151246 0.524682 0.173898
v -0.240075 0.492253 0.169885
v -0.135970 0.494858 0.201069
v -0.088074 0.508937 0.222703
v -0.087047 0.544222 0.191148
v -0.051790 0.564279 0.228481
v -0.069577 0.629511 0.210124
v -0.120463 0.655963 0.188002
v -0.182221 0.642024 0.162164
v 0.257166 0.527015 0.142144
v -0.269874 0.691596 0.023183
v 0.337882 0.504150 0.044037
vn 0.6876 0.5579 0.4647
vn 0.3187 0.4512 0.8336
vn 0.4675 0.4696 0.7490
vn 0.7737 0.3565 -0.5238
vn 0.3641 0.7898 0.4936
vn 0.3293 0.8502 0.4108
vn 0.2053 0.5963 0.7760
vn 0.0060 0.9457 0.3249
vn 0.2152 0.6641 0.7160
vn 0.6783 0.5627 0.4725
vn 0.5774 0.3415 0.7416
vn 0.3497 0.5322 0.7710
vn 0.4887 0.4641 0.7388
vn 0.8480 0.2259 0.4794
vn 0.9958 0.0873 -0.0260
vn 0.3186 0.3126 0.8949
vn 0.5136 0.2212 0.8290
vn -0.1419 0.8324 0.5356
vn 0.3456 0.7875 -0.5103
vn 0.3391 0.3420 -0.8764
vn 0.5349 0.8359 -0.1230
vn -0.1439 0.8582 0.4928
vn 0.1084 0.6438 0.7574
vn 0.2802 0.7348 0.6177
vn -0.5250 0.5062 -0.6842
vn -0.5439 0.5483 -0.6352
vn -0.5056 0.8498 -0.1492
vn 0.0589 0.6795 0.7313
vn -0.1727 0.4689 -0.8662
vn 0.2073 0.8884 -0.4096
vn -0.0308 0.9761 -0.2153
vn -0.2394 0.9703 0.0358
vn 0.7105 -0.7029 0.0331
vn 0.3125 0.3317 0.8901
vn 0.5439 0.1694 0.8219
vn 0.6553 0.2471 0.7138
vn 0.3186 -0.4916 -0.8104
vn 0.8932 -0.2758 0.3553
vn 0.3492 0.2405 0.9056
vn 0.8552 -0.4231 -0.2996
vn 0.9894 -0.1371 -0.0482
vn 0.7653 0.1887 0.6154
vn 0.8403 -0.0702 0.5376
vn 0.7170 -0.1537 0.6799
vn 0.1362 0.3861 0.9124
vn 0.5630 -0.0284 -0.8260
vn 0.9335 0.0030 -0.3586
vn 0.9197 0.2842 -0.2710
vn 0.7493 0.4067 -0.5226
vn 0.9840 -0.0937 -0.1513
vn 0.9469 -0.1351 -0.2918
vn 0.6903 0.5107 -0.5125
vn -0.2229 0.6556 0.7214
vn -0.7517 0.6594 -0.0141
vn 0.0055 0.4491 0.8935
vn -0.1821 0.6128 0.7690
vn -0.4713 0.6937 0.5446
vn -0.2555 0.7260 0.6385
vn 0.2096 0.5052 0.8372
vn -0.0544 0.5444 0.8370
vn -0.0104 0.5154 0.8569
vn -0.5796 0.6852 0.4410
vn -0.4559 0.6672 0.5891
vn -0.5873 0.6922 0.4194
vn -0.7855 0.4778 -0.3933
vn -0.8457 0.5013 -0.1828
vn -0.6779 0.1393 -0.7219
vn -0.5391 0.8172 -0.2037
vn -0.2164 0.8945 -0.3912
vn -0.8175 0.0064 -0.5759
vn -0.8406 0.3379 -0.4233
vn -0.7750 0.4573 -0.4361
vn -0.9529 0.2485 -0.1738
vn -0.2965 0.3619 -0.8838
vn -0.7811 0.5965 -0.1846
vn -0.8316 0.4704 -0.2952
vn -0.7003 0.1393 -0.7002
vn -0.8262 0.5575 0.0815
vn -0.2844 0.7722 -0.5682
vn -0.5381 0.6934 -0.4792
vn -0.6325 0.5059 -0.5865
vn -0.5057 0.3270 -0.7983
vn -0.5855 0.1438 -0.7978
vn -0.1075 0.3717 0.9221
vn -0.0186 0.3451 0.9384
vn -0.3862 0.4756 0.7903
vn 0.1004 0.3481 0.9321
vn 0.2203 0.2556 0.9413
vn -0.3442 0.4502 0.8239
vn -0.5951 0.4542 0.6630
vn -0.7144 0.4046 0.5708
vn -0.2068 -0.8201 -0.5335
vn -0.6902 -0.0882 -0.7182
vn -0.6453 0.7544 0.1201
vn -0.8580 0.3214 -0.4006
vn -0.8458 0.3607 0.3930
vn -0.8304 -0.0113 -0.5571
vn -0.7965 0.3838 0.4672
vn -0.8451 0.4796 -0.2361
vn -0.7740 0.6119 -0.1631
vn -0.8796 0.4750 0.0258
vn -0.8488 0.4949 -0.1862
vn -0.9610 0.2617 0.0889
vn -0.9457 0.2677 -0.1845
vn 0.3079 0.2563 -0.9162
vn 0.1411 0.1936 -0.9709
vn 0.1908 0.5836 -0.7893
vn -0.1430 0.5349 -0.8327
vn -0.1937 0.4342 -0.8797
vn 0.1669 0.5625 -0.8097
vn 0.5772 0.1548 -0.8018
vn 0.6121 0.0347 -0.7900
vn 0.8239 -0.1054 -0.5569
vn 0.7220 -0.0757 -0.6878
vn 0.1511 -0.6374 -0.7556
vn 0.3110 -0.7360 -0.6014
vn 0.7222 -0.6895 -0.0545
vn 0.7334 -0.6784 -0.0424
vn 0.7758 -0.4553 -0.4368
vn 0.8774 -0.3738 -0.3008
vn 0.8485 -0.3847 -0.3634
vn 0.9000 -0.4322 -0.0576
vn 0.7327 -0.5539 0.3954
vn 0.4222 -0.9062 -0.0228
vn 0.3809 -0.8883 -0.2565
vn 0.0690 -0.9925 -0.1005
vn 0.2721 -0.9590 0.0792
vn 0.5463 -0.8347 0.0701
vn 0.3421 -0.8918 -0.2961
vn 0.6515 -0.1228 0.7486
vn 0.7905 -0.3403 0.5093
vn 0.6109 -0.1391 0.7794
vn 0.3782 0.2329 0.8959
vn 0.5516 -0.4043 0.7296
vn 0.4231 -0.2277 0.8770
vn 0.3126 -0.6458 0.6966
vn 0.2586 -0.8944 0.3649
vn 0.5136 -0.7496 0.4174
vn -0.1752 -0.6840 -0.7082
vn 0.1196 -0.9523 -0.2809
vn 0.1755 -0.9694 -0.1718
vn -0.1708 -0.5448 -0.8210
vn 0.3347 -0.0557 0.9407
vn 0.3845 0.2112 0.8986
vn 0.6074 -0.6942 -0.3862
vn 0.6085 -0.7331 -0.3038
vn -0.2021 0.6442 0.7376
vn 0.3724 0.0488 0.9268
vn 0.1578 0.3141 0.9362
vn 0.0992 0.1912 0.9765
vn 0.1220 0.3266 0.9373
vn 0.7459 -0.5700 -0.3445
vn 0.0190 -0.9997 0.0154
vn -0.2282 -0.9676 0.1080
vn 0.2059 -0.9766 0.0627
vn 0.1618 -0.9835 -0.0812
vn -0.1487 -0.9882 -0.0368
vn -0.0115 -0.9998 -0.0183
vn -0.1312 0.7331 0.6673
vn -0.6084 -0.7461 0.2705
vn -0.3587 -0.7243 0.5888
vn 0.0696 0.3543 0.9325
vn -0.0565 -0.3892 0.9194
vn -0.4282 0.8736 0.2311
vn 0.4370 -0.5613 -0.7028
vn -0.1017 0.2124 0.9719
vn 0.2446 -0.7059 -0.6647
vn 0.5581 -0.5432 -0.6272
vn 0.2746 0.1733 0.9458
vn -0.0712 -0.8678 0.4918
vn 0.2598 -0.3710 0.8916
vn 0.1306 -0.1464 0.9806
vn 0.0907 -0.1483 0.9848
vn -0.2080 -0.9776 -0.0335
vn -0.3952 -0.4769 -0.7851
vn -0.3673 -0.0490 -0.9288
vn 0.0690 0.0343 -0.9970
vn -0.1420 0.0286 -0.9895
vn 0.2259 -0.2495 -0.9417
vn 0.2050 -0.0723 -0.9761
vn 0.4685 -0.4239 -0.7751
vn 0.3479 -0.6323 -0.6922
vn 0.4473 -0.3830 -0.8082
vn -0.0383 -0.2677 -0.9627
vn -0.4804 -0.2411 -0.8433
vn -0.2724 -0.0590 -0.9604
vn -0.3846 -0.3738 -0.8440
vn 0.2150 -0.6573 -0.7223
vn -0.0885 -0.4321 -0.8975
vn 0.1662 -0.9152 -0.3671
vn -0.1116 -0.7491 -0.6530
vn 0.1817 -0.7077 -0.6827
vn -0.0823 -0.7597 -0.6451
vn 0.5966 -0.6405 -0.4835
vn 0.5154 -0.7747 -0.3664
vn 0.2194 -0.9754 -0.0228
vn -0.1717 -0.9700 -0.1721
vn 0.3296 -0.9427 -0.0519
vn 0.0263 -0.9852 -0.1696
vn 0.5267 -0.7829 -0.3311
vn 0.2208 -0.9403 -0.2592
vn -0.6870 -0.1646 -0.7078
vn -0.0897 -0.9959 0.0076
vn 0.1588 -0.9194 -0.3599
vn 0.2337 -0.9358 -0.2638
vn 0.0243 -0.9403 -0.3395
vn -0.5842 0.7340 -0.3462
vn -0.8481 -0.5293 0.0236
vn -0.7969 -0.5458 0.2589
vn -0.3425 -0.6637 -0.6650
vn -0.7186 0.0072 -0.6954
vn -0.7467 0.1861 -0.6386
vn 0.1261 -0.3048 0.9440
vn 0.0478 -0.5082 0.8599
vn -0.1993 -0.3008 0.9326
vn -0.0850 -0.3477 0.9337
vn -0.0632 -0.9963 0.0577
vn -0.0352 -0.9881 0.1500
vn -0.1458 -0.9110 0.3857
vn -0.3485 -0.9275 0.1350
vn -0.3973 -0.8858 -0.2400
vn -0.4525 -0.8230 -0.3433
vn -0.5653 -0.4142 -0.7134
vn -0.6473 -0.5869 -0.4864
vn -0.3725 -0.7773 -0.5069
vn -0.2565 -0.8412 -0.4760
vn 0.0321 -0.9792 -0.2003
vn -0.7957 0.0223 -0.6052
vn -0.8319 0.0662 -0.5509
vn -0.7560 -0.0783 -0.6499
vn -0.7887 -0.0578 0.6121
vn -0.5079 -0.2407 0.8271
vn -0.3956 0.9163 0.0627
vn 0.1314 0.5933 0.7942
vn -0.3517 0.5103 0.7848
vn -0.3656 0.3836 0.8480
vn -0.3533 0.5088 0.7851
vn 0.8224 0.3379 0.4577
vn 0.7665 0.3454 0.5415
vn 0.8550 -0.2592 0.4491
vn 0.9496 -0.1644 0.2668
vn -0.3058 0.0534 0.9506
vn -0.2517 0.0780 0.9647
vn -0.1727 0.0401 0.9842
vn 0.4762 -0.8789 -0.0275
vn -0.3112 0.2348 0.9209
vn -0.1249 0.2038 0.9710
vn 0.8433 0.5337 -0.0635
vn 0.7389 0.6562 0.1531
vn -0.4973 -0.0612 0.8654
vn -0.1679 -0.8315 0.5296
vn 0.4544 0.0267 0.8904
vn -0.5702 -0.8059 0.1593
vn 0.3268 0.2088 0.9217
vn 0.0690 -0.9945 -0.0791
vn 0.0248 -0.9208 -0.3892
vn -0.2428 -0.7267 -0.6426
vn 0.2180 -0.4338 0.8743
vn 0.2924 0.5345 0.7930
vn 0.3096 0.3203 0.8953
vn 0.3117 0.3937 0.8648
vn 0.5779 -0.6440 0.5013
vn 0.2687 0.1181 0.9560
vn -0.0773 0.0593 0.9952
vn -0.7474 -0.5779 0.3279
vn -0.5706 -0.2507 -0.7820
vn -0.7562 -0.6537 -0.0280
vn -0.9183 0.2122 -0.3342
vn 0.0677 0.2262 0.9717
vn -0.6489 0.3259 -0.6876
vn -0.0260 0.0722 0.9970
vn -0.1233 0.1112 0.9861
vn -0.0539 0.2399 0.9693
vn 0.6567 0.1991 0.7274
vn 0.9565 -0.2749 0.0972
vn 0.1691 -0.9044 0.3917
vn 0.2110 -0.9079 0.3623
vn -0.4706 0.5232 0.7105
vn 0.1020 0.5930 -0.7987
vn -0.2136 -0.3200 0.9230
vn -0.3292 0.3431 0.8797
vn -0.8197 -0.5703 -0.0536
vn -0.6899 0.1094 0.7156
vn -0.9188 0.2623 0.2949
vn -0.6958 0.0678 0.7150
vn -0.8710 0.4354 -0.2277
vn -0.3644 0.0754 0.9282
vn 0.1383 0.7329 0.6662
vn -0.1671 0.7160 0.6778
vn 0.0085 -0.7772 -0.6292
vn 0.8991 -0.1705 0.4032
vn -0.1408 -0.6416 -0.7540
vn 0.6180 -0.7859 0.0208
vn 0.5539 0.0258 0.8322
vn 0.6180 -0.5901 0.5195
vn 0.3287 -0.9238 0.1965
vn -0.9151 0.3775 -0.1416
vn -0.6527 0.6757 0.3427
vn -0.9218 0.1942 -0.3356
vn -0.9760 0.2161 -0.0256
vn -0.9734 -0.0822 -0.2138
vn -0.5849 0.7953 -0.1592
vn 0.6132 0.0548 0.7880
vn 0.6170 0.0012 0.7870
vn -0.6166 0.6972 0.3656
vn 0.3609 0.0050 0.9326
vn 0.3763 -0.0349 0.9258
vn 0.2787 -0.8238 0.4937
vn 0.3570 -0.8892 0.2861
vn 0.2743 -0.7991 0.5350
vn 0.2547 -0.8563 0.4493
vn 0.5191 0.6346 0.5726
vn 0.5770 0.5860 0.5690
vn 0.3972 -0.6040 0.6910
vn 0.3674 0.0070 0.9300
vn 0.2699 -0.8609 0.4312
vn 0.2947 -0.8442 0.4477
vn -0.3650 0.1915 -0.9111
vn 0.4019 0.5359 0.7425
vn 0.7224 -0.6703 0.1698
vn 0.8806 -0.1407 0.4524
vn 0.5568 -0.6043 -0.5699
vn 0.3768 -0.2117 0.9018
vn 0.3805 -0.8163 0.4346
vn -0.5896 0.0314 0.8071
vn 0.3810 0.6456 0.6618
vn 0.7390 0.4682 0.4844
vn 0.8862 0.1109 0.4499
vn -0.0933 -0.8557 0.5089
vn -0.0081 -0.8126 0.5828
vn 0.2564 0.5344 0.8054
vn -0.0579 0.4306 0.9007
vn -0.1362 0.5959 0.7915
vn 0.2222 0.4925 0.8415
vn 0.2263 0.4376 0.8702
vn -0.2209 0.7271 0.6500
vn -0.3294 0.7897 0.5176
vn -0.1994 0.7645 0.6130
vn 0.0379 -0.2512 0.9672
vn 0.0384 -0.2502 0.9674
vn 0.7815 0.0037 0.6239
vn 0.3067 -0.1018 0.9464
vn 0.1369 0.8226 -0.5520
vn 0.4218 -0.0682 0.9041
vn 0.5364 -0.5988 0.5947
vn 0.5445 -0.1972 0.8152
vn 0.1188 -0.5845 0.8027
vn 0.0547 -0.5115 0.8575
vn 0.0855 -0.5058 0.8584
vn -0.1613 0.7482 0.6436
vn 0.5410 0.4970 0.6785
vn -0.3851 0.8725 0.3006
vn -0.1670 0.7252 0.6680
vn -0.1504 0.7872 0.5981
vn 0.2720 0.5829 0.7657
vn -0.5465 0.8347 0.0673
vn -0.1726 0.2307 0.9576
vn -0.1463 -0.4023 0.9038
vn 0.1125 -0.0402 0.9928
vn -0.5274 0.4952 0.6904
vn -0.3189 0.8172 0.4802
vn -0.5853 0.6586 0.4729
vn -0.5112 0.7255 0.4608
vn -0.2055 0.7344 0.6469
vn -0.0694 0.8107 0.5813
vn -0.6828 0.7143 0.1535
vn -0.6901 0.7232 -0.0271
vn 0.3061 0.9513 -0.0359
vn 0.1007 0.1054 0.9893
vn 0.1000 0.5655 0.8187
vn -0.3556 0.4287 -0.8305
vn -0.9861 -0.1391 0.0906
vn -0.8624 0.1099 0.4941
vn -0.8602 0.1139 -0.4972
vn -0.9163 0.2503 -0.3127
vn -0.6295 0.0521 -0.7753
vn 0.5190 -0.1150 0.8470
vn 0.0983 0.7541 -0.6494
vn -0.0171 0.9004 -0.4347
vn -0.7132 0.5200 -0.4700
vn -0.6098 0.1027 0.7859
vn -0.5712 0.7872 -0.2325
vn -0.8682 -0.3581 -0.3435
vn 0.8633 0.3876 0.3231
vn 0.7175 0.4017 0.5690
vn 0.6039 0.3559 0.7132
vn 0.6426 -0.1172 0.7572
vn -0.7704 0.3602 -0.5261
vn -0.9542 -0.2608 0.1466
vn -0.5721 -0.2329 0.7864
vn 0.5226 0.1181 0.8443
vn -0.5761 -0.1722 -0.7990
vn -0.1348 0.7716 0.6217
vn -0.1402 0.6816 0.7181
vn 0.2412 0.7126 -0.6588
vn 0.6232 0.6862 0.3753
vn 0.6151 0.6928 0.3765
vn -0.7510 0.4580 -0.4756
vn -0.2291 -0.6758 0.7006
vn -0.5046 -0.5308 0.6809
vn -0.6380 -0.5448 0.5441
vn -0.3060 -0.4994 0.8105
vn -0.1666 -0.9226 0.3479
vn -0.2316 -0.9724 0.0273
vn -0.3610 -0.5982 0.7155
vn -0.4959 -0.4949 0.7136
vn 0.0580 0.2024 0.9776
vn 0.1394 0.6719 0.7274
vn 0.6183 0.6875 0.3809
vn 0.4264 0.8433 0.3273
vn -0.9626 -0.0599 0.2644
vn -0.5694 -0.1920 0.7993
vn 0.9386 -0.2922 -0.1833
vn 0.3668 -0.5529 0.7481
vn -0.5729 0.7424 0.3474
vn 0.0486 0.8275 0.5593
vn -0.1402 -0.7565 0.6388
vn 0.4144 -0.5905 0.6925
vn -0.0853 0.0301 0.9959
vn -0.0497 0.0193 0.9986
vn 0.0344 -0.0820 0.9960
vn 0.5467 -0.1794 0.8179
vn -0.9354 0.3176 -0.1551
vn -0.0258 0.9334 0.3580
vn -0.0471 0.9478 0.3152
vn -0.2158 0.9484 0.2322
vn -0.2960 0.9000 0.3198
vn 0.6169 -0.6869 0.3842
vn -0.1408 0.9896 0.0312
vn -0.6857 0.7264 -0.0466
vn 0.5513 0.4725 -0.6876
vn 0.2521 -0.7302 -0.6350
vn 0.6312 0.5911 -0.5023
vn 0.6738 -0.1460 -0.7244
vn 0.2335 -0.2456 -0.9408
vn 0.8426 0.5204 -0.1382
vn 0.3602 -0.7702 -0.5264
vn 0.6505 -0.2542 -0.7157
vn 0.4752 -0.7304 -0.4906
vn 0.4588 -0.7278 -0.5098
vn 0.4476 -0.5249 -0.7240
vn 0.5079 -0.8131 -0.2846
vn 0.7900 -0.3933 -0.4703
vn 0.5697 -0.8157 -0.1007
vn 0.7890 -0.4981 -0.3597
vn 0.7892 -0.3989 -0.4670
vn 0.6905 -0.4607 -0.5577
vn 0.5728 -0.7963 -0.1944
vn 0.4685 -0.8466 -0.2526
vn 0.0961 -0.1233 -0.9877
vn 0.1842 -0.3383 -0.9228
vn 0.2664 -0.3262 -0.9070
vn 0.4010 -0.1310 -0.9066
vn 0.5369 -0.3610 -0.7625
vn 0.3461 0.5539 -0.7572
vn 0.1487 -0.6593 -0.7371
vn 0.3215 -0.5515 -0.7697
vn 0.0744 -0.5539 -0.8292
vn 0.1552 -0.6202 -0.7690
vn 0.0842 -0.6862 -0.7225
vn 0.1901 -0.7075 -0.6807
vn 0.4506 0.2539 -0.8558
vn 0.3279 0.5864 -0.7407
vn 0.3086 0.5749 -0.7578
vn 0.2778 0.4546 -0.8463
vn 0.8568 -0.2084 0.4718
vn 0.7626 0.2056 -0.6133
vn 0.6788 0.0463 -0.7329
vn 0.7511 0.1997 -0.6292
vn 0.4551 -0.7936 0.4038
vn 0.7392 -0.5584 -0.3766
vn 0.4725 -0.8528 0.2224
vn 0.3263 0.8438 -0.4261
vn 0.5970 0.4548 0.6609
vn 0.5665 -0.1738 -0.8055
vn 0.8044 0.5886 -0.0804
vn 0.2608 0.1211 -0.9578
vn 0.8941 -0.4370 0.0977
vn 0.4614 -0.5979 -0.6554
vn 0.4789 -0.7074 -0.5199
vn 0.4968 -0.2736 0.8236
vn 0.7487 0.2078 -0.6295
vn 0.7161 -0.5964 -0.3627
vn 0.6790 0.2923 -0.6735
vn 0.9901 0.0616 0.1263
vn 0.9464 0.1014 0.3066
vn 0.4514 -0.7564 -0.4735
vn 0.3037 0.1296 -0.9439
vn 0.3629 0.1282 -0.9230
vn 0.4495 0.2463 -0.8587
vn 0.4213 -0.0216 -0.9066
vn 0.5858 0.3742 -0.7189
vn 0.6942 0.1017 -0.7126
vn 0.5845 0.3909 -0.7110
vn 0.1419 0.6156 -0.7752
vn 0.2685 0.8319 -0.4856
vn 0.2290 0.9532 -0.1975
vn 0.2599 0.9365 -0.2353
vn -0.5870 0.7600 -0.2790
vn 0.2707 0.8264 -0.4937
vn -0.3066 0.6170 -0.7248
vn -0.1002 0.4299 -0.8973
vn -0.4275 0.6246 -0.6535
vn -0.7759 0.4523 0.4397
vn 0.3530 0.0095 -0.9356
vn 0.4664 0.0589 -0.8826
vn -0.0372 0.2226 -0.9742
vn 0.1762 0.5249 -0.8327
vn 0.0680 0.5359 0.8415
vn 0.5173 0.8267 -0.2211
vn 0.2186 0.8942 0.3907
vn 0.1716 0.9305 0.3235
vn 0.0875 0.7775 0.6227
vn -0.0347 0.6678 0.7435
vn 0.0409 0.8507 0.5240
vn -0.1822 0.9050 -0.3845
vn -0.4186 -0.4691 0.7777
vn 0.4191 0.8801 0.2230
vn 0.7290 0.1551 0.6668
vn 0.5345 0.2145 -0.8175
vn 0.8330 0.2799 -0.4773
vn 0.8432 0.2927 -0.4509
vn 0.0078 0.6871 0.7265
vn 0.0943 0.8538 -0.5119
vn 0.3733 0.8971 -0.2363
vn 0.3287 0.7497 0.5744
vn 0.2827 0.7778 0.5614
vn 0.1510 0.7138 0.6839
vn 0.1611 -0.2561 0.9531
vn 0.5751 -0.5943 0.5622
vn 0.0770 0.8884 0.4527
vn 0.3471 -0.2399 0.9066
vn 0.5808 -0.4729 0.6627
vn 0.3510 0.5353 0.7683
vn 0.9757 -0.1447 -0.1648
vn -0.5537 -0.6666 0.4990
vn -0.0305 -0.0385 0.9988
vn 0.9816 -0.1582 0.1069
vn -0.4931 -0.5098 0.7050
vn 0.3429 -0.7110 0.6139
vn 0.0486 -0.9238 0.3797
vn -0.4726 0.7552 0.4541
vn -0.4724 0.8225 0.3168
vn -0.3311 0.9282 0.1700
vn 0.5924 0.7235 0.3545
vn 0.6561 0.0772 0.7507
vn 0.4207 0.5820 0.6959
vn -0.9535 -0.2938 -0.0680
vn 0.7470 0.1557 0.6464
vn 0.0813 -0.7311 0.6774
vn -0.1010 -0.6119 0.7845
vn -0.5655 0.3201 0.7601
vn -0.4833 -0.0443 0.8743
vn 0.6342 0.7455 -0.2051
vn 0.6930 0.7167 -0.0784
vn 0.1866 -0.0474 0.9813
vn -0.0786 -0.0696 0.9945
vn 0.0946 -0.8300 0.5496
vn -0.2005 0.1841 0.9622
vn 0.1569 0.1353 0.9783
vn -0.1728 -0.0557 0.9834
vn -0.6057 -0.0835 0.7913
vn -0.6899 -0.0303 0.7233
vn 0.5347 -0.8248 0.1837
vn 0.4787 -0.3874 0.7879
vn 0.9048 0.4128 -0.1045
vn -0.6027 0.1156 -0.7895
vn -0.6104 0.3042 -0.7314
vn -0.6664 0.2014 -0.7179
vn -0.8258 0.5544 -0.1039
vn -0.5451 -0.8357 0.0675
vn -0.3074 -0.5081 -0.8046
vn -0.7998 -0.2792 -0.5314
vn -0.8502 0.5105 0.1285
vn -0.9419 0.0149 -0.3355
vn -0.4782 -0.7885 -0.3866
vn -0.5870 0.7979 -0.1372
vn -0.7416 0.2279 -0.6310
vn -0.2714 -0.3714 -0.8879
vn -0.0307 -0.5859 -0.8098
vn -0.4152 -0.7984 -0.4360
vn -0.2616 0.6349 0.7269
vn -0.3734 0.6404 0.6712
vn -0.3816 0.2103 -0.9001
vn -0.4620 0.1057 -0.8806
vn -0.5184 -0.4809 -0.7071
vn -0.5894 -0.6404 -0.4925
vn -0.5473 -0.3646 -0.7534
vn -0.7394 -0.5567 -0.3786
vn -0.7078 -0.5274 -0.4699
vn -0.7809 -0.4520 -0.4312
vn -0.7119 -0.5726 -0.4065
vn -0.3436 -0.1982 -0.9180
vn -0.3518 -0.0755 -0.9330
vn -0.2165 0.0540 -0.9748
vn -0.2466 0.1723 -0.9537
vn -0.1799 -0.4302 -0.8846
vn -0.3184 -0.6587 -0.6817
vn -0.2101 -0.6478 -0.7323
vn -0.8572 0.3017 -0.4174
vn -0.6448 -0.1901 -0.7403
vn -0.7383 -0.5866 -0.3327
vn -0.7581 -0.1363 -0.6377
vn -0.7619 0.2681 -0.5895
vn -0.7935 0.1938 -0.5768
vn -0.9327 0.2145 0.2900
vn -0.4827 0.5543 0.6781
vn -0.4293 0.4174 0.8009
vn -0.3167 0.5847 0.7469
vn -0.3469 0.4864 0.8019
vn -0.2560 0.6282 0.7347
vn -0.5856 0.4233 0.6913
vn -0.4802 -0.7085 0.5172
vn -0.5939 -0.7662 0.2453
vn -0.4856 -0.8076 -0.3347
vn -0.1973 -0.1054 0.9747
vn -0.4846 -0.8673 -0.1140
vn -0.6074 -0.7216 0.3324
vn -0.6296 -0.7388 0.2404
vn -0.4790 -0.8778 -0.0068
vn -0.7250 -0.6712 0.1543
vn -0.4248 -0.3147 0.8488
vn -0.1692 -0.1626 0.9721
vn -0.7562 0.6518 -0.0585
vn -0.2129 0.2817 0.9356
vn -0.4514 0.2148 0.8661
vn -0.8328 0.2554 -0.4911
vn -0.8544 0.3357 -0.3966
vn -0.1661 0.2825 0.9448
vn -0.6608 -0.7384 0.1345
vn -0.5200 -0.7309 -0.4421
vn -0.5722 -0.7276 -0.3785
vn -0.5022 0.2450 -0.8293
vn -0.8875 -0.3795 -0.2612
vn -0.5070 0.7246 -0.4668
vn -0.6033 -0.7802 -0.1656
vn -0.6728 0.2955 0.6783
vn -0.6714 0.5338 0.5141
vn -0.6225 0.6952 0.3594
vn -0.8102 0.4525 0.3725
vn -0.6417 0.2826 0.7130
vn -0.5484 0.3192 0.7729
vn -0.6113 0.3764 0.6962
vn -0.5542 0.4524 0.6987
vn -0.7140 -0.1123 0.6911
vn -0.6089 0.3313 0.7207
vn -0.1310 0.4654 0.8753
vn -0.2820 0.3933 0.8751
vn 0.0807 0.2367 0.9682
vn -0.2266 0.5307 0.8167
vn -0.0776 0.5211 0.8499
vn -0.1858 0.5860 0.7887
vn -0.1908 0.4988 0.8455
vn 0.3785 0.7848 0.4908
vn -0.4852 0.2669 0.8327
vn -0.2013 0.1098 0.9734
vn -0.2207 -0.1523 0.9634
vn -0.1486 -0.1303 0.9803
vn -0.4831 0.2675 0.8337
vn -0.3104 0.0586 0.9488
vn -0.0682 -0.4038 0.9123
vn -0.6177 0.6332 0.4663
vn -0.3779 0.4104 0.8299
vn -0.5050 0.5671 0.6507
vn -0.7036 0.5791 0.4117
vn -0.7382 0.6613 -0.1329
vn -0.7096 0.6038 0.3632
vn -0.9573 -0.0047 0.2890
vn -0.9489 -0.2749 0.1550
vn -0.6004 0.0900 -0.7946
vn -0.7674 0.1972 -0.6101
vn -0.9416 0.3126 -0.1255
vn -0.6614 0.3814 -0.6459
vn -0.5273 0.1248 -0.8405
vn -0.8029 0.3013 0.5143
vn -0.8238 0.3142 0.4717
vn -0.6971 0.3367 0.6330
vn -0.7026 -0.0618 0.7089
vn -0.4371 -0.7038 0.5600
vn -0.6574 0.3812 0.6500
vn -0.6894 0.3558 0.6310
vn -0.7159 -0.0259 0.6977
vn -0.6865 0.3248 0.6506
vn -0.5694 0.5046 0.6490
vn 0.4537 0.5406 0.7085
vn 0.8226 -0.4761 -0.3109
vn 0.3382 0.3108 0.8883
vn 0.3003 0.3642 0.8816
vn 0.7082 0.5893 0.3888
vn 0.6729 0.3780 0.6359
vn 0.3287 0.1472 0.9329
vn 0.1160 0.0929 0.9889
vn 0.1367 0.1968 0.9709
vn 0.7664 0.6419 0.0244
vn 0.0749 0.2129 0.9742
vn 0.5440 -0.8373 -0.0542
vn 0.7422 0.5711 -0.3508
vn 0.7013 0.7003 0.1337
vn 0.6182 0.3498 -0.7039
vn 0.6561 0.4501 -0.6057
vn 0.6938 0.7045 0.1493
vn 0.7566 0.1633 -0.6331
vn 0.4260 0.0820 -0.9010
vn 0.9468 0.3208 -0.0247
vn 0.9264 0.3280 -0.1852
vn 0.9153 0.3144 -0.2516
vn 0.8643 0.3114 -0.3950
vn 0.8210 0.4768 -0.3141
vn 0.8119 0.3138 0.4923
vn 0.6435 0.2864 0.7099
vn 0.5985 0.2857 0.7484
vn 0.7552 0.3513 0.5534
vn 0.3662 0.7043 -0.6081
vn 0.3169 -0.2664 -0.9103
vn 0.7393 0.5108 -0.4388
vn 0.6230 0.4682 -0.6266
vn 0.4564 0.6963 -0.5540
vn 0.7542 -0.6552 -0.0433
vn 0.8965 0.4322 -0.0975
vn -0.8913 0.4522 -0.0320
vn -0.3790 0.0693 0.9228
vn 0.7459 -0.2595 0.6135
vn 0.8058 -0.2158 -0.5515
vn 0.7822 -0.2524 -0.5696
vn 0.5927 0.4012 0.6984
vn 0.4998 0.3071 0.8099
vn 0.6848 0.7031 0.1915
vn 0.3768 0.8216 0.4277
vn 0.6347 0.6934 0.3412
vn 0.6470 0.5773 0.4981
vn 0.6614 0.3331 0.6721
vn 0.5404 0.5048 0.6731
vn 0.5415 0.5006 0.6754
vn -0.9524 0.2534 -0.1695
vn 0.7457 0.4657 0.4764
vn -0.2674 0.3996 0.8768
vn -0.0034 -0.0904 -0.9959
vn 0.0187 -0.7535 -0.6571
vn -0.0491 -0.7795 -0.6245
vn -0.0369 0.5107 -0.8590
vn -0.2454 0.4401 -0.8638
vn -0.4104 0.3427 -0.8450
vn -0.4479 0.3599 -0.8185
vn -0.1513 -0.7925 -0.5909
vn -0.3370 -0.7491 -0.5704
vn 0.0447 0.2197 -0.9745
vn -0.1786 0.4267 -0.8866
vn -0.1414 0.2679 -0.9530
vn -0.0288 -0.0434 -0.9986
vn 0.1353 0.2552 -0.9574
vn -0.1298 -0.4132 -0.9013
vn -0.0926 -0.7518 -0.6528
vn -0.1943 0.6924 -0.6949
vn -0.5794 0.5688 -0.5837
vn -0.4074 0.4556 -0.7915
vn 0.1660 0.3935 -0.9042
vn -0.2062 0.7785 -0.5928
vn -0.3183 0.6992 -0.6402
vn -0.4469 0.6051 -0.6589
vn -0.6636 0.4564 -0.5928
vn -0.3110 0.8994 -0.3072
vn -0.2732 0.7571 -0.5935
vn -0.1270 0.1173 -0.9849
vn 0.1249 0.3900 -0.9123
vn -0.5263 0.5920 -0.6104
vn 0.0090 0.7203 -0.6936
vn 0.0442 0.7369 -0.6745
vn 0.0868 0.8580 -0.5063
vn 0.0260 0.9394 -0.3417
vn -0.0325 0.9423 -0.3332
vn -0.5223 -0.8504 0.0639
vn -0.5858 -0.1306 -0.7999
vn -0.6099 -0.7744 -0.1682
vn -0.2223 -0.9299 -0.2930
vn -0.1273 -0.8837 -0.4505
vn -0.4604 -0.8262 -0.3246
vn -0.0206 -0.8833 -0.4684
vn -0.1500 -0.9453 0.2898
vn -0.2081 -0.6813 0.7018
vn -0.0024 -0.9791 0.2035
vn -0.5147 -0.7427 0.4284
vn -0.2133 -0.9392 0.2690
vn -0.7320 -0.3374 0.5919
vn -0.7170 -0.0194 0.6968
vn -0.1648 -0.9850 0.0507
vn 0.5004 -0.3099 -0.8084
vn 0.1380 -0.8573 -0.4960
vn 0.0560 -0.0378 -0.9977
vn 0.0141 -0.9983 0.0561
vn 0.0214 -0.9427 0.3329
vn 0.2301 -0.9575 0.1738
vn 0.4938 -0.8156 0.3016
vn -0.7847 -0.4187 -0.4570
vn 0.9317 0.2095 0.2967
vn -0.7893 -0.4052 -0.4614
vn -0.0430 -0.9897 -0.1366
vn -0.0489 -0.9985 0.0257
vn -0.5430 -0.8244 -0.1596
vn 0.6966 -0.5846 0.4159
vn 0.5069 -0.8076 0.3013
vn 0.4059 -0.8724 0.2723
vn -0.1570 -0.9598 -0.2328
vn -0.2114 -0.8610 -0.4625
vn 0.3933 0.6243 0.6750
vn -0.6884 0.3873 0.6133
vn -0.6545 0.0320 0.7554
vn -0.6580 0.0385 0.7520
vn 0.6562 0.1974 0.7283
vn 0.1571 -0.1350 0.9783
vn 0.3897 0.5807 0.7148
vn -0.2926 0.5578 0.7767
vn -0.7577 0.4472 0.4753
vn 0.0810 -0.2427 0.9667
vn -0.4687 0.6038 0.6447
vn -0.4768 0.5936 0.6483
vn -0.6504 0.0784 0.7555
vn -0.4687 0.6405 -0.6084
vn -0.1116 0.4121 0.9043
vn -0.1036 0.4317 0.8960
vn 0.2149 0.5780 0.7873
vn -0.1012 0.5326 0.8403
vn 0.0822 0.5481 0.8324
vn -0.1679 0.4512 0.8765
vn -0.1744 0.3340 0.9263
vn -0.2183 0.3152 0.9236
vn -0.2181 0.6713 0.7084
vn -0.6789 0.0022 -0.7342
vn -0.5758 0.7411 0.3452
vn -0.5044 -0.2903 0.8132
vn -0.3946 -0.2478 0.8848
vn -0.2570 0.3890 0.8846
vn -0.7450 0.0760 0.6627
vn -0.2795 0.2398 0.9297
vn -0.7747 -0.0335 0.6315
vn -0.2461 0.1998 0.9484
vn -0.5725 0.1997 0.7952
vn 0.0261 0.4666 0.8841
vn -0.0926 0.4647 0.8806
vn -0.3730 0.0918 0.9233
vn -0.1020 0.6409 0.7608
vn -0.0940 -0.2581 0.9615
vn -0.3885 -0.5300 0.7538
vn -0.8162 -0.3091 0.4881
vn -0.7529 0.2394 0.6131
vn -0.7696 0.5568 0.3125
vn -0.8452 -0.0545 0.5317
vn -0.3491 0.1481 0.9253
vn -0.3622 0.2524 0.8973
vn -0.2631 -0.0230 0.9645
vn 0.0226 0.4062 0.9135
vn -0.2801 0.7763 0.5646
vn 0.3563 0.5069 0.7849
vn 0.1636 0.6034 0.7805
vn -0.3165 -0.2787 0.9067
vn 0.3148 0.9456 0.0819
vn 0.1969 -0.5994 -0.7759
vn 0.3689 0.0028 -0.9295
vn 0.4443 -0.0952 -0.8908
vn -0.0680 0.8283 0.5561
vn -0.0330 0.8033 0.5947
vn 0.6326 -0.1885 -0.7512
vn -0.0546 0.3417 0.9382
vn 0.8228 -0.1705 -0.5422
vn 0.7202 0.0277 -0.6933
vn 0.7401 -0.0711 -0.6688
vn -0.1492 0.7675 -0.6235
vn 0.0997 0.9233 -0.3708
vn 0.2949 0.8204 -0.4899
vn 0.3063 0.6802 -0.6660
vn 0.2212 0.4504 0.8650
vn 0.4620 0.2073 0.8623
vn 0.6529 -0.1217 0.7476
vn -0.6007 0.2951 0.7430
vn 0.6675 -0.1154 0.7356
vn 0.2775 0.3146 0.9078
vn 0.2680 0.2242 0.9370
vn 0.2075 0.3755 0.9033
vn 0.2696 0.3402 0.9009
vn 0.1925 0.3383 0.9211
vn -0.4792 0.6838 -0.5503
vn -0.1378 0.7495 0.6475
vn 0.6634 0.0289 0.7477
vn 0.8822 0.4215 -0.2097
vn 0.6694 -0.0136 0.7428
vn 0.7401 0.6327 0.2281
vn -0.2074 -0.1692 0.9635
vn -0.3962 -0.1526 0.9054
vn 0.6386 0.4970 0.5875
vn 0.6198 0.3180 0.7174
vn 0.7699 0.4174 0.4828
vn 0.6487 0.5107 0.5643
vn 0.4877 -0.5194 0.7017
vn 0.6053 -0.6037 0.5188
vn 0.4882 -0.1225 0.8641
vn 0.9271 -0.3742 0.0207
vn 0.7624 -0.4394 -0.4751
vn -0.0169 0.4856 0.8740
vn 0.3271 0.3838 0.8635
vn 0.6826 0.0930 0.7249
vn -0.7126 0.6578 0.2438
vn 0.4428 -0.1008 0.8910
vn 0.3037 0.4615 0.8335
vn 0.4663 -0.2754 0.8407
vn -0.3668 0.9097 0.1947
vn 0.4684 -0.2768 0.8391
vn 0.6171 -0.7609 -0.2004
vn 0.6046 -0.7273 -0.3247
vn 0.3698 -0.1401 0.9185
vn -0.1954 -0.9804 0.0235
vn -0.1524 -0.9674 0.2023
vn 0.2887 -0.4832 0.8265
vn -0.3288 -0.5349 0.7783
vn -0.2361 -0.4763 0.8470
vn -0.4332 -0.3145 0.8446
vn 0.1534 -0.0950 0.9836
vn 0.3770 -0.1544 0.9132
vn 0.1528 -0.9666 0.2055
vn -0.9947 0.0783 -0.0666
vn -0.2285 0.0024 0.9735
vn -0.0203 -0.8978 0.4399
vn -0.4315 -0.0702 0.8994
vn -0.4649 0.2049 0.8613
vn -0.3475 -0.1259 0.9292
vn 0.3935 -0.8886 0.2357
vn 0.2920 -0.7370 0.6095
vn 0.4753 -0.5502 0.6865
vn 0.7167 -0.1068 0.6892
vn 0.2791 0.0775 0.9571
vn 0.2928 -0.6263 0.7225
vn 0.2428 -0.5812 0.7767
vn 0.2325 -0.1454 0.9617
vn 0.3070 -0.3813 0.8720
vn -0.5090 -0.8595 0.0466
vn -0.6889 -0.5233 0.5016
vn -0.9246 -0.2228 0.3089
vn -0.1178 0.1101 0.9869
vn 0.8641 0.3802 -0.3297
vn -0.3682 0.4316 -0.8235
vn 0.3914 -0.1942 0.8995
vn 0.4311 -0.0133 0.9022
vn -0.1972 -0.2821 0.9389
vn 0.0518 -0.5619 0.8256
vn 0.3026 -0.4933 0.8155
vn 0.5177 -0.1711 0.8383
vn 0.4396 0.1999 0.8757
vn 0.4354 -0.2544 0.8635
vn 0.0098 -0.7425 0.6698
vn 0.4021 -0.4359 0.8052
vn 0.6092 -0.5416 0.5792
vn 0.0748 0.6003 0.7963
vn 0.9611 -0.0804 0.2643
vn 0.2284 0.3674 0.9016
vn 0.0056 0.7697 0.6384
vn 0.0874 -0.8956 0.4362
vn -0.4397 0.5165 0.7348
vn 0.1124 0.3712 0.9217
vn 0.0753 0.4337 0.8979
vn 0.9239 -0.1636 0.3458
vn 0.0796 0.7860 0.6130
vn -0.4291 0.5753 0.6963
vn -0.6341 0.3984 -0.6627
vn 0.8283 0.0380 0.5590
vn -0.0764 0.3017 0.9503
vn 0.1095 0.5716 0.8132
vn 0.8333 0.0224 0.5524
vn -0.7466 0.4974 -0.4418
vn 0.0602 0.5891 0.8058
vn 0.0764 0.5989 0.7972
vn 0.2878 0.5255 0.8006
vn 0.4646 0.6797 0.5676
vn 0.2875 -0.0624 0.9558
vn 0.1694 0.0118 0.9855
vn -0.0545 -0.0758 0.9956
vn -0.0319 0.4753 0.8793
vn 0.4618 0.4262 0.7779
vn 0.1124 0.5469 0.8296
vn 0.6189 0.5550 0.5558
vn 0.5997 0.4687 0.6486
vn 0.4224 0.8172 0.3922
vn 0.1986 -0.8740 0.4435
vn 0.5324 -0.4866 0.6926
vn 0.8446 -0.1715 0.5071
vn 0.5961 0.1044 0.7961
vn 0.1851 0.8350 0.5181
vn -0.0187 0.1170 0.9930
vn 0.7961 -0.5969 0.0994
vn 0.6615 0.3343 0.6714
vn -0.3718 0.5250 0.7656
vn 0.9418 0.3195 0.1044
vn -0.5051 0.4683 0.7250
vn -0.9686 0.1489 -0.1991
vn -0.8865 -0.4275 -0.1770
vn 0.8116 -0.3400 -0.4750
vn -0.1681 -0.9788 0.1168
vn -0.6583 -0.6361 -0.4024
vn -0.7540 -0.4504 -0.4780
vn -0.8049 -0.5573 0.2041
vn 0.2592 -0.9439 0.2046
vn -0.0326 -0.9955 0.0886
vn -0.1818 -0.9832 0.0189
vn -0.8671 -0.2931 -0.4028
vn -0.8146 -0.5734 -0.0879
vn -0.5354 -0.4105 -0.7381
vn 0.3095 -0.9442 0.1125
vn 0.3755 -0.9267 0.0172
vn -0.1595 -0.9853 0.0606
vn -0.8083 -0.5822 -0.0879
vn -0.7725 -0.6318 -0.0645
vn 0.2799 -0.9098 0.3064
vn -0.1791 -0.9703 -0.1628
vn 0.0899 -0.0536 -0.9945
vn 0.1094 -0.3066 -0.9455
vn 0.3443 0.0047 -0.9389
vn 0.1826 0.1809 -0.9664
vn 0.1866 0.0575 -0.9808
vn -0.3028 0.0761 -0.9500
vn -0.3125 0.1680 -0.9350
vn 0.0250 0.2737 -0.9615
vn 0.1441 0.4074 -0.9018
vn -0.0930 0.2560 -0.9622
vn -0.0359 -0.0566 -0.9978
vn -0.0762 -0.1006 -0.9920
vn -0.1113 0.2365 -0.9652
vn -0.3391 -0.7839 0.5201
vn 0.8158 0.5631 -0.1319
vn -0.4174 -0.3104 0.8541
vn -0.0127 0.6656 0.7462
vn 0.0442 0.4338 0.8999
vn -0.5758 -0.7459 0.3348
vn -0.6039 -0.6247 0.4950
vn -0.3234 -0.7742 0.5441
vn -0.6482 0.6052 0.4621
vn -0.6273 0.6293 0.4587
vn -0.3814 0.7047 0.5983
vn -0.6303 0.6286 0.4556
vn -0.7268 0.5652 0.3903
vn -0.3079 -0.3965 0.8649
vn -0.1738 0.0339 0.9842
vn -0.9758 0.2111 0.0570
vn 0.0813 0.7683 0.6349
vn 0.0428 0.7687 0.6382
vn -0.3147 0.6081 0.7288
vn -0.5344 0.5219 0.6648
vn -0.9020 -0.2734 0.3342
vn -0.2862 -0.0161 0.9580
vn -0.3917 -0.0763 0.9169
vn -0.6388 0.0966 0.7633
vn -0.2866 -0.0154 0.9579
vn -0.4733 -0.1716 0.8640
vn -0.4895 -0.7274 -0.4809
vn -0.1172 -0.4605 -0.8799
vn -0.3887 -0.9086 0.1526
vn -0.1691 -0.0727 0.9829
vn -0.4101 -0.8688 -0.2776
vn -0.2557 -0.5105 0.8210
vn -0.2898 -0.7787 0.5564
vn -0.3018 -0.6119 0.7311
vn -0.3209 -0.8543 0.4089
vn -0.3336 -0.5697 0.7511
vn -0.4049 -0.5639 0.7197
vn -0.5220 -0.3295 0.7868
vn -0.6680 -0.2890 0.6857
vn -0.2850 0.2200 0.9330
vn 0.4550 0.6525 -0.6059
vn 0.4814 0.3962 -0.7818
vn -0.1646 0.9753 -0.1473
vn -0.1320 0.6567 -0.7426
vn -0.1318 0.6728 -0.7280
vn 0.1449 0.8315 -0.5362
vn 0.6340 0.7248 -0.2697
vn -0.4159 -0.2058 -0.8858
vn 0.0138 0.6079 -0.7939
vn -0.3986 0.1860 -0.8981
vn -0.2163 0.0991 -0.9713
vn 0.0726 0.8285 -0.5552
vn 0.0744 0.9657 -0.2487
vn 0.5022 0.1043 0.8584
vn 0.7117 -0.0602 0.6999
vn 0.7022 -0.0822 0.7072
vn 0.3692 0.2036 0.9068
vn 0.1824 -0.0942 0.9787
vn 0.0935 -0.0496 0.9944
vn 0.4370 -0.4141 -0.7984
vn 0.5042 0.1016 0.8576
vn 0.3047 0.5530 0.7755
vn 0.6322 0.3459 0.6933
vn 0.6685 0.3814 0.6385
vn 0.6784 0.3528 0.6445
vn 0.2365 -0.2508 0.9387
vn 0.2330 -0.2323 0.9443
vn 0.8701 0.4554 -0.1888
vn 0.5646 0.7264 0.3918
vn 0.5427 -0.7403 -0.3967
vn 0.5892 -0.7764 -0.2237
vn 0.4231 -0.5754 0.6999
vn 0.1226 -0.5244 -0.8426
vn 0.4077 -0.9054 0.1186
vn 0.8123 0.0270 -0.5827
vn 0.4770 -0.6556 0.5854
vn 0.0907 0.0563 0.9943
vn 0.6111 -0.6469 0.4561
vn 0.0551 0.0833 0.9950
vn 0.9692 0.2290 0.0911
vn -0.0763 0.5300 0.8446
vn -0.9487 -0.1215 0.2920
vn -0.5787 0.1969 -0.7914
vn -0.6631 0.5425 -0.5157
vn -0.1920 -0.9111 0.3648
vn -0.2757 0.3137 0.9086
vn -0.2503 -0.1875 0.9498
vn -0.7720 -0.6345 -0.0387
vn -0.1045 -0.7276 0.6780
vn -0.4738 -0.5528 0.6855
vn -0.5203 -0.6986 0.4912
vn -0.4732 -0.6666 0.5760
vn -0.2878 -0.4285 0.8565
vn 0.1909 0.1258 0.9735
vn 0.2591 -0.2237 0.9396
vn 0.1069 -0.7212 0.6844
vn 0.1398 -0.7780 0.6125
vn 0.4670 -0.2964 0.8331
vn 0.2338 -0.7942 0.5609
vn 0.1604 -0.4976 0.8524
vn -0.0473 0.4920 -0.8693
vn -0.6776 -0.1313 -0.7236
vn -0.3114 -0.7152 -0.6257
vn -0.4658 -0.5508 -0.6926
vn -0.6068 -0.5119 -0.6080
vn -0.4503 -0.1961 -0.8711
vn -0.6261 -0.5416 -0.5610
vn -0.5920 -0.0994 -0.7998
vn -0.4520 -0.1899 -0.8716
vn -0.1108 -0.3581 -0.9271
vn -0.1018 -0.4013 -0.9103
vn 0.0564 -0.5369 -0.8418
vn -0.8182 0.0562 -0.5721
vn -0.5729 0.1538 -0.8050
vn -0.5737 0.1587 -0.8036
vn -0.2487 -0.8093 -0.5322
vn 0.0060 -0.5814 -0.8136
vn -0.7293 -0.0039 0.6842
vn -0.6678 -0.7443 -0.0109
vn -0.4455 0.2428 0.8617
vn 0.0909 -0.9820 0.1656
vn -0.2637 -0.5519 0.7911
vn -0.3758 -0.9253 0.0514
vn -0.7329 -0.5965 0.3272
vn -0.0724 -0.9916 -0.1072
vn 0.2346 -0.7808 -0.5790
vn -0.6556 0.0676 0.7521
vn 0.2453 -0.7736 -0.5843
vn -0.9401 -0.1413 0.3102
vn -0.1130 -0.9903 -0.0814
vn -0.4253 -0.8720 -0.2422
vn 0.0894 -0.7711 -0.6305
vn -0.5214 -0.6640 -0.5360
vn 0.8754 -0.1003 0.4728
vn 0.8820 -0.4458 0.1529
vn 0.4293 0.3247 0.8428
vn 0.9402 -0.3343 -0.0657
vn 0.3991 0.7687 0.4998
vn 0.3553 0.1980 0.9135
vn 0.0341 0.9614 0.2732
vn 0.8970 -0.2997 0.3249
vn 0.8785 -0.0593 0.4741
vn 0.8867 0.0510 0.4596
vn 0.9889 -0.1479 -0.0127
vn 0.4793 0.2541 0.8401
vn 0.6968 0.1852 0.6930
vn 0.9850 0.0332 0.1694
vn 0.7590 0.3623 0.5410
vn 0.3346 -0.9422 -0.0161
vn 0.7296 0.6077 0.3137
vn 0.8476 0.5189 0.1107
vn 0.7350 0.3722 0.5668
vn 0.7196 0.3784 0.5823
vn 0.8600 0.3626 0.3590
vn 0.3279 0.6730 0.6630
vn -0.6333 -0.0168 0.7737
vn -0.2750 -0.3765 0.8847
vn -0.9057 -0.1119 0.4089
vn -0.4183 0.9016 0.1106
vn 0.3161 0.6828 0.6587
vn -0.8794 0.1358 0.4564
vn 0.4587 0.7376 0.4956
vn -0.7268 -0.1800 0.6628
vn 0.8479 0.2589 0.4627
vn -0.8908 -0.0858 0.4462
vn 0.8322 0.1177 0.5419
vn 0.5596 0.4407 -0.7019
vn 0.4930 0.3226 -0.8080
vn 0.4360 0.2933 -0.8508
vn -0.3673 0.8463 0.3860
vn -0.5766 0.6539 0.4897
vn -0.4016 0.6812 0.6121
vn -0.5169 0.6473 0.5602
vn -0.3936 0.6521 0.6479
vn -0.5672 0.7667 0.3008
vn -0.4083 0.8675 0.2843
vn -0.6672 0.3095 -0.6776
vn -0.4151 0.2138 -0.8843
vn -0.2233 -0.1718 0.9595
vn 0.9847 -0.0552 0.1653
vn 0.9723 0.0204 0.2328
vn 0.5470 -0.0871 0.8326
vn 0.0597 -0.6295 0.7747
vn -0.2312 -0.2297 0.9454
vn 0.9947 0.0599 -0.0836
vn 0.9890 -0.0414 0.1419
vn 0.9338 -0.2574 -0.2486
vn -0.8866 -0.3899 -0.2487
vn -0.8246 -0.3941 -0.4059
vn -0.8296 -0.4337 -0.3517
vn -0.9879 0.0953 -0.1227
vn -0.9992 0.0053 -0.0395
vn -0.9407 -0.3126 -0.1315
vn -0.9990 0.0210 -0.0390
vn -0.9183 -0.3782 -0.1169
vn 0.5143 0.4098 0.7534
vn 0.5212 0.4133 0.7467
vn 0.5997 -0.4093 -0.6876
vn 0.3280 -0.3679 -0.8701
vn 0.7828 -0.6140 -0.1014
vn 0.2030 -0.8798 -0.4298
vn 0.1870 -0.8743 -0.4478
vn -0.1158 -0.5804 -0.8061
vn 0.6756 -0.7354 0.0521
vn 0.7158 -0.3990 -0.5730
vn 0.2158 -0.9286 -0.3019
vn 0.0430 0.9958 -0.0808
vn -0.3240 -0.1602 0.9324
vn -0.3607 -0.0084 0.9327
vn -0.0853 -0.7191 0.6896
vn -0.6919 -0.4707 0.5474
vn -0.7523 -0.1531 0.6408
vn -0.3945 -0.3257 0.8592
vn 0.7038 -0.5604 0.4365
vn 0.3970 -0.8823 0.2529
vn 0.7531 -0.3309 0.5687
vn 0.9566 0.0144 -0.2910
vn 0.9860 -0.1587 -0.0504
vn 0.9115 -0.3813 -0.1539
vn -0.8474 0.1967 -0.4931
vn -0.8689 0.3999 0.2917
vn -0.8304 0.4630 0.3098
vn -0.4053 0.5996 -0.6900
vn -0.6158 0.6162 0.4911
vn -0.0049 0.4859 -0.8740
vn -0.4684 0.3928 -0.7914
vn -0.5837 0.3534 -0.7310
vn -0.9009 0.0031 -0.4341
vn -0.8632 0.0518 -0.5021
vn 0.0692 0.6601 -0.7480
vn 0.2481 0.6119 -0.7510
vn -0.3901 0.6586 0.6435
vn 0.0307 0.8987 -0.4374
vn -0.3873 0.3319 0.8601
vn 0.1900 -0.7975 0.5726
vn -0.3823 0.2481 0.8901
vn -0.2091 0.7318 0.6487
vn -0.1812 -0.4224 0.8881
vn 0.2199 -0.7787 0.5876
vn 0.0167 -0.3263 0.9451
vn -0.0805 -0.2491 0.9651
vn -0.1506 -0.2196 0.9639
vn -0.0765 -0.2489 0.9655
vn 0.6605 -0.4147 0.6259
vn -0.0671 -0.2405 0.9683
vn 0.7552 0.0676 0.6520
vn 0.7616 0.2200 -0.6095
vn 0.4887 0.1517 -0.8592
vn 0.8106 -0.4885 0.3228
vn 0.5361 -0.7476 0.3919
vn 0.6528 0.1981 0.7311
vn 0.4615 -0.8034 0.3763
vn 0.7449 0.4049 0.5303
vn 0.2511 0.8369 0.4864
vn -0.4773 -0.8506 -0.2208
vn -0.5579 -0.8295 -0.0270
vn -0.8780 0.4785 0.0127
vn -0.7950 0.5901 0.1408
vn -0.9773 0.1769 0.1167
vn -0.3661 0.6388 0.6767
vn 0.6131 0.3045 0.7290
vn -0.0310 0.0874 0.9957
vn 0.8116 0.2469 0.5294
vn 0.6085 0.2558 0.7512
vn 0.9366 0.2865 0.2020
vn 0.3838 0.1535 -0.9106
vn 0.5304 0.2511 -0.8097
vn 0.8454 0.2755 -0.4577
vn 0.8232 0.3464 -0.4499
vn 0.9310 0.1912 -0.3108
vn 0.0878 0.8138 0.5744
vn -0.6076 0.7731 -0.1819
vn 0.4939 0.6558 0.5710
vn -0.1632 0.8302 -0.5331
vn 0.2899 0.1605 0.9435
vn -0.5682 0.2222 -0.7924
vn -0.5822 0.2001 -0.7880
vn -0.8269 0.0330 -0.5613
vn -0.7984 0.0244 -0.6016
vn 0.1476 0.4895 -0.8594
vn 0.1300 0.4686 -0.8738
vn -0.4111 0.3950 -0.8216
vn -0.4101 0.3957 -0.8217
vn -0.5328 -0.3522 -0.7695
vn 0.5722 0.0923 0.8149
vn 0.5772 0.0876 0.8119
vn 0.8203 -0.3191 0.4746
vn 0.8242 0.3907 -0.4100
vn 0.8320 0.4504 -0.3240
vn 0.7459 0.2041 0.6340
vn 0.9875 0.1523 -0.0417
vn 0.9903 0.1357 0.0311
vn 0.8829 0.4388 -0.1672
vn 0.8036 0.5762 0.1487
vn 0.4826 0.6602 -0.5756
vn 0.6508 0.4933 -0.5772
vn 0.8052 -0.3368 0.4881
vn 0.7480 -0.4422 0.4949
vn -0.7656 -0.4232 0.4845
vn -0.8098 0.1446 0.5687
vn -0.4787 -0.6105 0.6309
vn -0.4712 -0.8044 0.3619
vn -0.6363 -0.1949 0.7464
vn -0.4370 -0.0504 0.8981
vn -0.3980 -0.0622 0.9153
vn -0.4486 0.4264 0.7854
vn -0.7274 -0.1746 0.6636
vn -0.4475 0.6437 -0.6208
vn -0.5334 0.6329 -0.5611
vn 0.2311 0.9278 -0.2929
vn 0.2526 0.7551 -0.6050
vn -0.2672 0.7606 0.5917
vn 0.1431 0.7187 -0.6805
vn 0.7263 0.5307 -0.4369
vn -0.2263 0.7688 0.5981
vn -0.1706 0.3691 -0.9136
vn 0.1475 -0.1145 -0.9824
vn -0.8256 0.4614 -0.3249
vn -0.7006 0.4467 -0.5564
vn 0.3530 0.2930 -0.8886
vn 0.5634 0.8255 -0.0327
vn 0.0359 0.6873 -0.7255
vn -0.4563 0.8410 0.2906
vn -0.8655 -0.0762 -0.4950
vn -0.6563 0.3241 -0.6813
vn 0.4555 0.8316 0.3176
vn -0.1790 0.4973 0.8489
vn -0.7090 -0.0124 0.7051
vn -0.2609 -0.0249 0.9651
vn 0.0275 0.2526 0.9672
vn 0.2167 0.0462 0.9751
vn -0.0481 -0.2101 0.9765
vn -0.0719 -0.2856 0.9556
vn 0.6485 0.7015 -0.2955
vn 0.0537 0.8385 -0.5422
vn -0.7741 0.6013 -0.1981
vn -0.6072 0.6417 -0.4686
vn -0.5569 0.0890 -0.8258
vn -0.8646 -0.3296 -0.3793
vn -0.5311 -0.8379 -0.1263
vn 0.3147 0.5289 0.7882
vn 0.2550 0.6103 0.7500
vn -0.9069 0.3740 -0.1941
vn -0.9064 0.2529 -0.3383
vn -0.8587 0.3065 -0.4107
vn -0.8825 0.2366 -0.4065
vn -0.4132 0.2229 0.8830
vn -0.2459 -0.3437 0.9063
vn -0.3208 -0.5178 0.7931
vn 0.7841 0.2191 0.5807
vn 0.7393 -0.2068 0.6408
vn 0.6181 0.5968 0.5116
vn 0.8153 0.5067 -0.2803
vn -0.6037 -0.6052 -0.5190
vn -0.8197 -0.3164 -0.4774
vn 0.0445 0.9741 0.2216
vn 0.6479 0.7604 -0.0446
vn 0.7407 0.6303 0.2324
vn -0.9354 0.0924 0.3414
vn -0.3686 0.6376 0.6765
vn -0.4204 0.6166 0.6657
vn -0.8598 -0.5014 0.0962
vn -0.2523 -0.3482 0.9028
vn -0.6953 -0.3914 0.6028
vn -0.4839 0.8430 0.2352
vn -0.9391 0.0968 0.3298
vn -0.9790 0.0005 0.2038
vn -0.7696 0.6378 -0.0314
vn 0.4455 0.4811 -0.7550
vn 0.4732 0.8788 0.0621
vn 0.4501 0.7293 0.5153
vn -0.5535 0.8319 0.0398
vn -0.9718 -0.0341 0.2335
vn -0.9433 -0.1417 0.3001
vn -0.4916 0.8656 0.0951
vn 0.0356 0.9756 0.2164
vn -0.9878 0.1557 -0.0051
vt 0.443803 0.712147
vt 0.420894 0.722550
vt 0.443018 0.682458
vt 0.411863 0.701702
vt 0.431385 0.681169
vt 0.406314 0.697086
vt 0.545775 0.581306
vt 0.532569 0.582708
vt 0.560723 0.586777
vt 0.473043 0.704298
vt 0.472800 0.683161
vt 0.044707 0.203373
vt 0.029613 0.184694
vt 0.022289 0.186563
vt 0.495150 0.696846
vt 0.047605 0.211556
vt 0.389995 0.718082
vt 0.471232 0.734171
vt 0.432874 0.769222
vt 0.386388 0.753245
vt 0.743950 0.458040
vt 0.750321 0.436543
vt 0.747805 0.477399
vt 0.363534 0.777847
vt 0.513806 0.722552
vt 0.512540 0.568222
vt 0.505900 0.567674
vt 0.866872 0.905216
vt 0.881984 0.903131
vt 0.863511 0.899260
vt 0.064360 0.213766
vt 0.092350 0.217756
vt 0.421254 0.637276
vt 0.385278 0.647462
vt 0.402007 0.648085
vt 0.924046 0.912500
vt 0.951315 0.902746
vt 0.915554 0.906068
vt 0.089896 0.224613
vt 0.496881 0.553361
vt 0.260454 0.525450
vt 0.272422 0.507114
vt 0.256634 0.506901
vt 0.896570 0.914398
vt 0.568381 0.865192
vt 0.568212 0.845344
vt 0.571904 0.827989
vt 0.604401 0.973816
vt 0.585204 0.969059
vt 0.578158 0.974173
vt 0.369304 0.801672
vt 0.378820 0.871089
vt 0.367375 0.845856
vt 0.414047 0.823692
vt 0.397026 0.787485
vt 0.797388 0.547569
vt 0.805694 0.550425
vt 0.827359 0.578128
vt 0.400250 0.659368
vt 0.407170 0.664195
vt 0.427302 0.659674
vt 0.746787 0.531088
vt 0.745541 0.520418
vt 0.747511 0.523585
vt 0.742356 0.493858
vt 0.386832 0.852890
vt 0.589784 0.580667
vt 0.859820 0.436978
vt 0.844323 0.454486
vt 0.833090 0.415314
vt 0.850810 0.386174
vt 0.817291 0.387890
vt 0.864205 0.486943
vt 0.828262 0.368725
vt 0.503530 0.762958
vt 0.468864 0.767883
vt 0.970707 0.455520
vt 0.967289 0.469544
vt 0.967131 0.452375
vt 0.136200 0.213330
vt 0.136772 0.206031
vt 0.524815 0.761198
vt 0.238522 0.156676
vt 0.243486 0.149072
vt 0.203003 0.162713
vt 0.204111 0.169466
vt 0.975665 0.799112
vt 0.975478 0.832807
vt 0.950291 0.803397
vt 0.956939 0.834199
vt 0.940793 0.840466
vt 0.218296 0.635591
vt 0.230733 0.636453
vt 0.255081 0.629323
vt 0.443737 0.512356
vt 0.500371 0.504569
vt 0.467754 0.498879
vt 0.375136 0.504630
vt 0.342116 0.502126
vt 0.384385 0.539485
vt 0.939897 0.912269
vt 0.295727 0.484592
vt 0.281009 0.491016
vt 0.349029 0.474819
vt 0.321851 0.479013
vt 0.370559 0.464062
vt 0.307235 0.541901
vt 0.330781 0.534201
vt 0.304152 0.502408
vt 0.334573 0.464394
vt 0.969885 0.490199
vt 0.343235 0.646462
vt 0.339559 0.650356
vt 0.492317 0.843379
vt 0.462102 0.851298
vt 0.449544 0.911712
vt 0.517909 0.834722
vt 0.774802 0.400005
vt 0.808971 0.332267
vt 0.783810 0.380735
vt 0.278532 0.629820
vt 0.194681 0.263609
vt 0.227333 0.265167
vt 0.219801 0.260704
vt 0.201871 0.260310
vt 0.669753 0.992964
vt 0.692052 0.988052
vt 0.641137 0.991919
vt 0.971118 0.558774
vt 0.966636 0.557940
vt 0.496722 0.473433
vt 0.467067 0.474697
vt 0.437468 0.472410
vt 0.271325 0.540295
vt 0.293963 0.563624
vt 0.284615 0.536203
vt 0.798522 0.421410
vt 0.800345 0.448043
vt 0.815577 0.470165
vt 0.785664 0.509417
vt 0.773404 0.483451
vt 0.836761 0.557867
vt 0.837886 0.517696
vt 0.862021 0.563651
vt 0.860495 0.528755
vt 0.807837 0.507267
vt 0.555895 0.969140
vt 0.340782 0.353193
vt 0.333740 0.318685
vt 0.288181 0.343775
vt 0.271508 0.311938
vt 0.389467 0.296244
vt 0.383361 0.325076
vt 0.307494 0.367235
vt 0.298083 0.297124
vt 0.413292 0.873296
vt 0.425815 0.919024
vt 0.136603 0.046604
vt 0.129181 0.041878
vt 0.112347 0.049006
vt 0.418694 0.329239
vt 0.391859 0.989519
vt 0.346160 0.985408
vt 0.357317 0.989284
vt 0.772907 0.447068
vt 0.407368 0.987230
vt 0.442697 0.942700
vt 0.416484 0.921525
vt 0.814117 0.541488
vt 0.934247 0.801331
vt 0.484841 0.915696
vt 0.490035 0.946350
vt 0.643193 0.061356
vt 0.642736 0.068761
vt 0.638627 0.066328
vt 0.658551 0.672369
vt 0.762024 0.733574
vt 0.738358 0.649259
vt 0.639628 0.724299
vt 0.634726 0.676132
vt 0.626881 0.692736
vt 0.653229 0.751247
vt 0.691562 0.757934
vt 0.961932 0.868475
vt 0.827916 0.321190
vt 0.815422 0.319791
vt 0.552133 0.785725
vt 0.569788 0.783083
vt 0.537877 0.781428
vt 0.525831 0.972140
vt 0.492539 0.966542
vt 0.467840 0.945777
vt 0.794132 0.750714
vt 0.791698 0.768789
vt 0.805314 0.761111
vt 0.522281 0.959619
vt 0.766059 0.766862
vt 0.811877 0.754131
vt 0.830977 0.738530
vt 0.168452 0.040022
vt 0.588390 0.786201
vt 0.476766 0.566620
vt 0.436829 0.552052
vt 0.426133 0.588592
vt 0.381342 0.571161
vt 0.338634 0.574307
vt 0.373090 0.593535
vt 0.322403 0.588116
vt 0.794479 0.493918
vt 0.227842 0.307195
vt 0.224610 0.280686
vt 0.205915 0.290611
vt 0.188147 0.280634
vt 0.288777 0.282750
vt 0.337638 0.293801
vt 0.461779 0.586423
vt 0.833226 0.707083
vt 0.804387 0.699155
vt 0.752028 0.653688
vt 0.797032 0.724846
vt 0.785912 0.665127
vt 0.818498 0.684636
vt 0.735475 0.639753
vt 0.560759 0.463245
vt 0.470676 0.278359
vt 0.457497 0.285031
vt 0.473551 0.280422
vt 0.464268 0.293134
vt 0.829189 0.323997
vt 0.516473 0.520026
vt 0.559372 0.472521
vt 0.968508 0.918960
vt 0.966012 0.955603
vt 0.966979 0.929152
vt 0.989029 0.976178
vt 0.975080 0.981839
vt 0.998602 0.931320
vt 0.433280 0.300329
vt 0.392816 0.277336
vt 0.456282 0.277120
vt 0.347957 0.278643
vt 0.150030 0.170396
vt 0.167688 0.172439
vt 0.153610 0.163995
vt 0.177329 0.168909
vt 0.182132 0.160976
vt 0.222525 0.350191
vt 0.241774 0.355732
vt 0.244994 0.351802
vt 0.751823 0.778212
vt 0.798610 0.787131
vt 0.809268 0.778221
vt 0.941965 0.438157
vt 0.911819 0.438559
vt 0.918495 0.401982
vt 0.897833 0.423208
vt 0.944465 0.399880
vt 0.945964 0.135995
vt 0.934987 0.127699
vt 0.946593 0.132380
vt 0.492594 0.103736
vt 0.493856 0.085361
vt 0.497417 0.095885
vt 0.493816 0.078032
vt 0.497159 0.085215
vt 0.795676 0.922284
vt 0.795664 0.878247
vt 0.819606 0.884704
vt 0.796323 0.939452
vt 0.778949 0.909888
vt 0.366874 0.864902
vt 0.368735 0.881532
vt 0.364706 0.876538
vt 0.775948 0.968416
vt 0.806859 0.989776
vt 0.838210 0.939345
vt 0.901153 0.836040
vt 0.901933 0.874731
vt 0.895489 0.847573
vt 0.896028 0.866178
vt 0.775359 0.863532
vt 0.693941 0.406945
vt 0.688058 0.404484
vt 0.685557 0.392023
vt 0.698767 0.400002
vt 0.703248 0.406027
vt 0.634507 0.006418
vt 0.637345 0.007071
vt 0.637568 0.002272
vt 0.693999 0.395559
vt 0.618289 0.485618
vt 0.641355 0.488008
vt 0.643109 0.483786
vt 0.951408 0.190496
vt 0.956060 0.221836
vt 0.950564 0.225796
vt 0.960948 0.175371
vt 0.685910 0.368349
vt 0.692396 0.387965
vt 0.692996 0.362254
vt 0.651283 0.004755
vt 0.444412 0.353608
vt 0.474022 0.342187
vt 0.455462 0.378181
vt 0.848283 0.892408
vt 0.846135 0.919061
vt 0.706400 0.613568
vt 0.702726 0.614456
vt 0.705611 0.600324
vt 0.175782 0.880824
vt 0.187728 0.877973
vt 0.166603 0.870884
vt 0.700036 0.599198
vt 0.204552 0.887670
vt 0.839238 0.988981
vt 0.858723 0.978729
vt 0.228650 0.879646
vt 0.953254 0.081794
vt 0.965589 0.100246
vt 0.954181 0.093475
vt 0.926815 0.122873
vt 0.926630 0.114737
vt 0.983550 0.735250
vt 0.979822 0.754820
vt 0.980292 0.738726
vt 0.353251 0.862930
vt 0.351607 0.856160
vt 0.357959 0.867448
vt 0.426841 0.002439
vt 0.413615 0.005006
vt 0.429312 0.004617
vt 0.319046 0.017171
vt 0.340533 0.015084
vt 0.337432 0.017457
vt 0.823600 0.844961
vt 0.366206 0.956179
vt 0.359782 0.959476
vt 0.372299 0.959685
vt 0.094642 0.440592
vt 0.101960 0.436659
vt 0.089421 0.436634
vt 0.196424 0.345396
vt 0.193305 0.344444
vt 0.177074 0.347080
vt 0.731384 0.953682
vt 0.731953 0.937334
vt 0.735586 0.940789
vt 0.199412 0.343230
vt 0.128056 0.434422
vt 0.118210 0.440582
vt 0.716138 0.405430
vt 0.711315 0.394647
vt 0.988980 0.078870
vt 0.996652 0.098802
vt 0.990636 0.107997
vt 0.995651 0.134370
vt 0.987203 0.117372
vt 0.963915 0.260516
vt 0.687733 0.776343
vt 0.707920 0.781407
vt 0.718424 0.778070
vt 0.970883 0.267513
vt 0.679439 0.781198
vt 0.691772 0.346612
vt 0.986922 0.373102
vt 0.992217 0.391934
vt 0.988010 0.393419
vt 0.990653 0.353481
vt 0.187850 0.897131
vt 0.196094 0.919108
vt 0.227691 0.891380
vt 0.207880 0.918359
vt 0.167081 0.917626
vt 0.198380 0.937911
vt 0.168454 0.886586
vt 0.264105 0.874163
vt 0.239516 0.895847
vt 0.470237 0.376791
vt 0.472559 0.415213
vt 0.455826 0.436546
vt 0.490841 0.341125
vt 0.786579 0.197940
vt 0.809846 0.197818
vt 0.770908 0.296603
vt 0.806884 0.251791
vt 0.803513 0.278828
vt 0.811408 0.248960
vt 0.067170 0.361985
vt 0.082727 0.368424
vt 0.111539 0.344279
vt 0.101300 0.326763
vt 0.925576 0.873211
vt 0.912889 0.841859
vt 0.920339 0.823581
vt 0.937825 0.895081
vt 0.928838 0.868818
vt 0.933428 0.898256
vt 0.919243 0.879275
vt 0.328934 0.666401
vt 0.358231 0.659680
vt 0.313357 0.660790
vt 0.485421 0.232093
vt 0.489217 0.184099
vt 0.495155 0.224394
vt 0.497129 0.163649
vt 0.504829 0.198180
vt 0.918543 0.170867
vt 0.905634 0.169847
vt 0.912087 0.174405
vt 0.905609 0.173438
vt 0.484329 0.268382
vt 0.494985 0.259727
vt 0.768018 0.531844
vt 0.768927 0.543832
vt 0.765323 0.539731
vt 0.044693 0.360419
vt 0.034273 0.333032
vt 0.059816 0.317119
vt 0.794175 0.024553
vt 0.768715 0.020058
vt 0.776433 0.044705
vt 0.754986 0.043373
vt 0.123732 0.362478
vt 0.122558 0.392620
vt 0.947537 0.373342
vt 0.927089 0.374563
vt 0.144745 0.381593
vt 0.141518 0.360051
vt 0.404376 0.957752
vt 0.401820 0.962905
vt 0.423094 0.956662
vt 0.849224 0.864696
vt 0.135431 0.321893
vt 0.119960 0.312512
vt 0.507705 0.256956
vt 0.502699 0.263287
vt 0.497156 0.263799
vt 0.160437 0.331589
vt 0.154348 0.315846
vt 0.507672 0.232434
vt 0.703657 0.381056
vt 0.707015 0.387606
vt 0.417313 0.039473
vt 0.419075 0.041317
vt 0.417628 0.053546
vt 0.140474 0.352799
vt 0.163433 0.354236
vt 0.718304 0.394716
vt 0.715336 0.383094
vt 0.043329 0.873922
vt 0.026422 0.873204
vt 0.028451 0.876278
vt 0.523106 0.697854
vt 0.553365 0.678163
vt 0.523982 0.655896
vt 0.523061 0.711130
vt 0.565944 0.714783
vt 0.679204 0.463370
vt 0.696497 0.452686
vt 0.674053 0.414985
vt 0.637062 0.440159
vt 0.562525 0.753879
vt 0.567448 0.748927
vt 0.542368 0.746289
vt 0.210446 0.142685
vt 0.211329 0.147084
vt 0.216639 0.144327
vt 0.908677 0.509996
vt 0.923932 0.495602
vt 0.930584 0.503016
vt 0.553949 0.754094
vt 0.385685 0.392793
vt 0.387870 0.377760
vt 0.369183 0.394841
vt 0.963049 0.356100
vt 0.967205 0.372379
vt 0.958054 0.381771
vt 0.959357 0.409509
vt 0.402226 0.388205
vt 0.419801 0.415836
vt 0.412953 0.395232
vt 0.400286 0.376249
vt 0.518678 0.166499
vt 0.536272 0.180957
vt 0.538905 0.170182
vt 0.972402 0.381440
vt 0.972172 0.404281
vt 0.372123 0.370453
vt 0.387771 0.368288
vt 0.968214 0.414596
vt 0.974858 0.329323
vt 0.981854 0.329424
vt 0.926714 0.007034
vt 0.897653 0.002033
vt 0.889304 0.006921
vt 0.925467 0.001401
vt 0.905316 0.491259
vt 0.928963 0.476988
vt 0.878365 0.522223
vt 0.393082 0.627075
vt 0.388886 0.621673
vt 0.368169 0.626271
vt 0.982696 0.338212
vt 0.408810 0.426365
vt 0.429931 0.445445
vt 0.334879 0.195800
vt 0.386623 0.187835
vt 0.350095 0.188626
vt 0.384857 0.180633
vt 0.341064 0.378358
vt 0.368809 0.078609
vt 0.366731 0.066936
vt 0.348092 0.065434
vt 0.371543 0.073112
vt 0.548854 0.212658
vt 0.593046 0.220097
vt 0.579853 0.186677
vt 0.895792 0.530618
vt 0.908499 0.537186
vt 0.897811 0.553250
vt 0.528618 0.014428
vt 0.525844 0.007713
vt 0.506866 0.008717
vt 0.928098 0.538982
vt 0.918955 0.561694
vt 0.562147 0.006176
vt 0.545482 0.007755
vt 0.567375 0.011285
vt 0.506387 0.004793
vt 0.926754 0.563511
vt 0.930279 0.569223
vt 0.553204 0.018920
vt 0.352643 0.074532
vt 0.529857 0.021050
vt 0.927721 0.551460
vt 0.977829 0.417461
vt 0.294429 0.067719
vt 0.285090 0.068088
vt 0.291101 0.073596
vt 0.316009 0.067677
vt 0.877392 0.537616
vt 0.657783 0.190996
vt 0.607228 0.184550
vt 0.615900 0.468270
vt 0.480334 0.607477
vt 0.491011 0.641720
vt 0.512677 0.684862
vt 0.518941 0.690682
vt 0.372340 0.077269
vt 0.520741 0.720229
vt 0.263003 0.811774
vt 0.267836 0.852661
vt 0.309007 0.823243
vt 0.841376 0.178234
vt 0.844494 0.174535
vt 0.868026 0.203651
vt 0.296602 0.853575
vt 0.872094 0.189767
vt 0.877245 0.207730
vt 0.885851 0.213900
vt 0.265695 0.941383
vt 0.291649 0.959213
vt 0.295152 0.920542
vt 0.103702 0.649797
vt 0.131271 0.623879
vt 0.079505 0.645118
vt 0.330663 0.959040
vt 0.348492 0.938339
vt 0.188295 0.296380
vt 0.182443 0.288072
vt 0.170631 0.291795
vt 0.329242 0.898296
vt 0.379375 0.911940
vt 0.396313 0.916796
vt 0.352116 0.889271
vt 0.126130 0.297625
vt 0.106902 0.289976
vt 0.098102 0.299012
vt 0.091384 0.307428
vt 0.149063 0.290997
vt 0.296280 0.908443
vt 0.186197 0.591724
vt 0.237107 0.593925
vt 0.204182 0.555174
vt 0.188952 0.633158
vt 0.156431 0.632970
vt 0.239957 0.852684
vt 0.261766 0.937290
vt 0.231310 0.948135
vt 0.152147 0.651694
vt 0.232510 0.618562
vt 0.252364 0.982773
vt 0.178569 0.982991
vt 0.104092 0.565549
vt 0.160290 0.529401
vt 0.120188 0.517734
vt 0.127903 0.478742
vt 0.093131 0.502116
vt 0.160651 0.479033
vt 0.687038 0.635687
vt 0.693955 0.636638
vt 0.689827 0.632757
vt 0.051180 0.617145
vt 0.068410 0.550987
vt 0.127605 0.590503
vt 0.074965 0.303457
vt 0.083684 0.309310
vt 0.074945 0.293520
vt 0.091756 0.301845
vt 0.674174 0.634746
vt 0.672550 0.631277
vt 0.667938 0.641394
vt 0.659194 0.638944
vt 0.883711 0.095164
vt 0.886231 0.107910
vt 0.880621 0.100408
vt 0.349592 0.975981
vt 0.362749 0.968173
vt 0.349589 0.967205
vt 0.888209 0.101598
vt 0.895977 0.107590
vt 0.897916 0.149417
vt 0.903325 0.151851
vt 0.889906 0.159603
vt 0.891560 0.169318
vt 0.027276 0.648043
vt 0.073462 0.287130
vt 0.926492 0.725280
vt 0.926493 0.731416
vt 0.921373 0.725479
vt 0.527231 0.552218
vt 0.526232 0.546877
vt 0.519224 0.546361
vt 0.658449 0.644828
vt 0.393456 0.904787
vt 0.355298 0.891479
vt 0.383308 0.904087
vt 0.555683 0.974684
vt 0.519969 0.979439
vt 0.519847 0.985775
vt 0.558672 0.980107
vt 0.179063 0.367613
vt 0.205278 0.390140
vt 0.214566 0.369763
vt 0.158008 0.388547
vt 0.712898 0.072595
vt 0.741377 0.082767
vt 0.736580 0.086472
vt 0.203323 0.418593
vt 0.738481 0.056639
vt 0.693628 0.053332
vt 0.709634 0.040055
vt 0.977150 0.176682
vt 0.983051 0.171561
vt 0.989947 0.176714
vt 0.036732 0.515790
vt 0.066549 0.501224
vt 0.029455 0.475379
vt 0.016059 0.500275
vt 0.742394 0.034684
vt 0.676558 0.042168
vt 0.298867 0.189239
vt 0.248508 0.181381
vt 0.247322 0.187101
vt 0.580000 0.450661
vt 0.571573 0.435269
vt 0.575046 0.443988
vt 0.276914 0.194712
vt 0.672345 0.055869
vt 0.073922 0.763626
vt 0.081374 0.776060
vt 0.069401 0.769089
vt 0.647015 0.809610
vt 0.641686 0.805866
vt 0.640294 0.814236
vt 0.600986 0.811051
vt 0.614125 0.818629
vt 0.015063 0.468951
vt 0.004569 0.489641
vt 0.002126 0.470309
vt 0.986107 0.222713
vt 0.990937 0.239733
vt 0.983465 0.239959
vt 0.663974 0.042024
vt 0.619069 0.399039
vt 0.568504 0.403714
vt 0.106312 0.880846
vt 0.118585 0.871213
vt 0.111910 0.905137
vt 0.128325 0.897974
vt 0.559822 0.440794
vt 0.108623 0.868504
vt 0.131552 0.872052
vt 0.594379 0.366922
vt 0.627277 0.368171
vt 0.015099 0.514677
vt 0.027378 0.531019
vt 0.987194 0.170223
vt 0.275560 0.004890
vt 0.299232 0.023425
vt 0.279905 0.028034
vt 0.569743 0.810671
vt 0.260977 0.017023
vt 0.244522 0.020199
vt 0.242010 0.014054
vt 0.077387 0.721177
vt 0.073291 0.742835
vt 0.064971 0.740697
vt 0.066886 0.720253
vt 0.079253 0.702536
vt 0.975410 0.205813
vt 0.553133 0.433570
vt 0.509160 0.391845
vt 0.502590 0.416440
vt 0.506226 0.379941
vt 0.120108 0.922296
vt 0.132121 0.911402
vt 0.092386 0.835789
vt 0.081942 0.855814
vt 0.080195 0.838939
vt 0.507817 0.427150
vt 0.520206 0.410867
vt 0.530524 0.427722
vt 0.546870 0.439755
vt 0.298848 0.002554
vt 0.299712 0.040278
vt 0.283454 0.040091
vt 0.094695 0.811818
vt 0.086333 0.801335
vt 0.082888 0.703650
vt 0.603773 0.273025
vt 0.658838 0.284616
vt 0.662184 0.242923
vt 0.562758 0.243642
vt 0.390165 0.003847
vt 0.389556 0.018710
vt 0.381507 0.002140
vt 0.861270 0.114147
vt 0.837216 0.124914
vt 0.853944 0.133217
vt 0.945623 0.244471
vt 0.940470 0.246950
vt 0.932551 0.213595
vt 0.939463 0.217553
vt 0.030174 0.835571
vt 0.015003 0.814889
vt 0.008408 0.788193
vt 0.932511 0.232624
vt 0.103455 0.915186
vt 0.061290 0.912533
vt 0.082158 0.927105
vt 0.039248 0.855799
vt 0.042160 0.843662
vt 0.929126 0.188784
vt 0.936974 0.167187
vt 0.940903 0.175037
vt 0.096838 0.943892
vt 0.112830 0.928360
vt 0.022273 0.801961
vt 0.570602 0.312447
vt 0.617340 0.317291
vt 0.724402 0.137774
vt 0.766009 0.159900
vt 0.795714 0.129561
vt 0.818079 0.153132
vt 0.749123 0.121355
vt 0.855626 0.110386
vt 0.847025 0.141393
vt 0.851087 0.136247
vt 0.633204 0.335879
vt 0.665118 0.303257
vt 0.593064 0.341456
vt 0.274941 0.596447
vt 0.297156 0.588846
vt 0.268708 0.570545
vt 0.134421 0.985168
vt 0.134157 0.940924
vt 0.686995 0.214017
vt 0.687081 0.170675
vt 0.031021 0.783386
vt 0.013116 0.758940
vt 0.043624 0.744923
vt 0.600543 0.677486
vt 0.086507 0.203533
vt 0.111856 0.177541
vt 0.071191 0.177806
vt 0.604198 0.632500
vt 0.065215 0.201062
vt 0.051343 0.194455
vt 0.574156 0.615464
vt 0.592489 0.746763
vt 0.862785 0.123612
vt 0.859864 0.132300
vt 0.520908 0.106666
vt 0.505027 0.106171
vt 0.507543 0.111983
vt 0.035275 0.454410
vt 0.103742 0.460006
vt 0.039273 0.450483
vt 0.092199 0.881345
vt 0.047452 0.882295
vt 0.042811 0.887961
vt 0.042113 0.462626
vt 0.087540 0.465091
vt 0.445563 0.343522
vt 0.451165 0.324238
vt 0.453381 0.341884
vt 0.519615 0.113833
vt 0.023689 0.446436
vt 0.028897 0.444620
vt 0.019723 0.444190
vt 0.032666 0.437812
vt 0.573051 0.182029
vt 0.561672 0.180911
vt 0.571725 0.173733
vt 0.631981 0.135503
vt 0.620366 0.135753
vt 0.635692 0.144089
vt 0.160317 0.057565
vt 0.168347 0.056246
vt 0.170966 0.045537
vt 0.173557 0.048727
vt 0.624669 0.023862
vt 0.618133 0.021631
vt 0.613503 0.024335
vt 0.445788 0.443977
vt 0.435125 0.395463
vt 0.436514 0.405802
vt 0.011644 0.907496
vt 0.003960 0.895303
vt 0.003810 0.897616
vt 0.433491 0.387781
vt 0.444952 0.388925
vt 0.429471 0.396470
vt 0.443125 0.382773
vt 0.426568 0.373727
vt 0.423440 0.353314
vt 0.425029 0.342063
vt 0.952649 0.653322
vt 0.949766 0.599340
vt 0.956152 0.599951
vt 0.590339 0.763168
vt 0.946357 0.652210
vt 0.947550 0.681785
vt 0.954668 0.680220
vt 0.479138 0.161965
vt 0.464261 0.149530
vt 0.477073 0.141151
vt 0.876089 0.948194
vt 0.874448 0.966338
vt 0.919649 0.924878
vt 0.449895 0.201024
vt 0.152503 0.134364
vt 0.127772 0.110091
vt 0.109892 0.127017
vt 0.139467 0.102552
vt 0.136325 0.111137
vt 0.947014 0.749504
vt 0.948920 0.759917
vt 0.946837 0.760859
vt 0.133586 0.108151
vt 0.131910 0.099748
vt 0.295852 0.652521
vt 0.290094 0.660286
vt 0.301008 0.656642
vt 0.118278 0.110182
vt 0.148736 0.094082
vt 0.110576 0.139198
vt 0.108095 0.142650
vt 0.102791 0.147390
vt 0.018892 0.049524
vt 0.008035 0.043031
vt 0.010223 0.048909
vt 0.122467 0.101882
vt 0.533346 0.623485
vt 0.550908 0.614881
vt 0.537050 0.617771
vt 0.945696 0.575255
vt 0.950412 0.573016
vt 0.639923 0.788607
vt 0.661839 0.805215
vt 0.646912 0.764581
vt 0.655670 0.168837
vt 0.682167 0.161340
vt 0.687613 0.162490
vt 0.514096 0.206545
vt 0.514223 0.196563
vt 0.518181 0.194929
vt 0.449902 0.628222
vt 0.453867 0.604375
vt 0.453858 0.636165
vt 0.318416 0.610462
vt 0.315534 0.617194
vt 0.388958 0.621684
vt 0.435611 0.021429
vt 0.436188 0.017227
vt 0.424688 0.017822
vt 0.285858 0.614688
vt 0.283953 0.608449
vt 0.471970 0.218786
vt 0.473723 0.262072
vt 0.453325 0.247913
vt 0.434438 0.224745
vt 0.478791 0.259956
vt 0.900138 0.919996
vt 0.619624 0.726584
vt 0.005730 0.605863
vt 0.014996 0.574890
vt 0.012047 0.603992
vt 0.886854 0.170522
vt 0.009860 0.577892
vt 0.010013 0.571021
vt 0.488528 0.314923
vt 0.518293 0.312801
vt 0.476355 0.291400
vt 0.864798 0.790056
vt 0.817208 0.813672
vt 0.834192 0.772445
vt 0.926210 0.769376
vt 0.916173 0.773522
vt 0.922554 0.764848
vt 0.938873 0.765566
vt 0.931481 0.762426
vt 0.931855 0.753261
vt 0.016971 0.415454
vt 0.020371 0.425556
vt 0.013210 0.426567
vt 0.366545 0.003727
vt 0.349706 0.002941
vt 0.363527 0.008635
vt 0.009741 0.841418
vt 0.016883 0.842908
vt 0.015711 0.858948
vt 0.915614 0.668642
vt 0.929782 0.669245
vt 0.935066 0.705500
vt 0.940076 0.674831
vt 0.941910 0.702919
vt 0.900293 0.198121
vt 0.895643 0.200042
vt 0.896330 0.252540
vt 0.901337 0.275532
vt 0.944800 0.601302
vt 0.933536 0.594680
vt 0.915023 0.593015
vt 0.653086 0.157512
vt 0.623729 0.159964
vt 0.647319 0.159862
vt 0.511529 0.365937
vt 0.590188 0.151095
vt 0.620534 0.152680
vt 0.578950 0.157000
vt 0.542052 0.365695
vt 0.164182 0.416517
vt 0.042929 0.536942
vt 0.074251 0.487408
vt 0.942783 0.591247
vt 0.908060 0.772689
vt 0.904830 0.768877
vt 0.906915 0.766944
vt 0.512449 0.446415
vt 0.506423 0.447055
vt 0.559743 0.799921
vt 0.648276 0.150893
vt 0.521918 0.390001
vt 0.515027 0.395136
vt 0.564349 0.350348
vt 0.600978 0.472717
vt 0.591555 0.473197
vt 0.595945 0.476401
vt 0.094935 0.849460
vt 0.196066 0.949548
vt 0.138504 0.937392
vt 0.203377 0.495193
vt 0.191388 0.474248
vt 0.542467 0.276326
vt 0.534006 0.307931
vt 0.946942 0.149200
vt 0.950969 0.150527
vt 0.234651 0.532244
vt 0.553711 0.329016
vt 0.170364 0.833990
vt 0.140500 0.856776
vt 0.204491 0.851899
vt 0.123682 0.833701
vt 0.120034 0.855246
vt 0.254094 0.414820
vt 0.270381 0.450521
vt 0.286659 0.401369
vt 0.289611 0.454111
vt 0.332125 0.414682
vt 0.533118 0.245163
vt 0.317362 0.383595
vt 0.358440 0.433586
vt 0.345341 0.393266
vt 0.227184 0.441210
vt 0.255571 0.381894
vt 0.863546 0.612675
vt 0.840337 0.615272
vt 0.848381 0.619107
vt 0.848577 0.610920
vt 0.181827 0.194966
vt 0.277268 0.231987
vt 0.188214 0.191841
vt 0.310711 0.253835
vt 0.331728 0.238230
vt 0.368146 0.242032
vt 0.354814 0.226339
vt 0.269930 0.248599
vt 0.420359 0.199517
vt 0.737761 0.419558
vt 0.731836 0.436765
vt 0.715333 0.472954
vt 0.718221 0.423899
vt 0.713916 0.442400
vt 0.702179 0.467435
vt 0.704049 0.492211
vt 0.750697 0.396898
vt 0.735527 0.411428
vt 0.776201 0.627629
vt 0.740991 0.628197
vt 0.767918 0.631932
vt 0.742451 0.634551
vt 0.758352 0.400289
vt 0.722673 0.464081
vt 0.977750 0.634874
vt 0.977054 0.642432
vt 0.975152 0.639960
vt 0.976728 0.662992
vt 0.975159 0.734180
vt 0.974253 0.702547
vt 0.766945 0.577239
vt 0.970205 0.710858
vt 0.970699 0.734440
vt 0.759836 0.567479
vt 0.287851 0.217053
vt 0.247493 0.238082
vt 0.718295 0.355882
vt 0.549191 0.921507
vt 0.540864 0.931741
vt 0.506060 0.890485
vt 0.514115 0.878556
vt 0.713797 0.506633
vt 0.717863 0.504863
vt 0.909793 0.732974
vt 0.911188 0.744365
vt 0.907749 0.745479
vt 0.041481 0.118666
vt 0.066792 0.091647
vt 0.028685 0.092289
vt 0.172925 0.310504
vt 0.174223 0.307143
vt 0.165686 0.308959
vt 0.041377 0.075024
vt 0.049441 0.084642
vt 0.978320 0.283935
vt 0.983935 0.291216
vt 0.970599 0.304030
vt 0.078552 0.139087
vt 0.066181 0.125409
vt 0.066409 0.132910
vt 0.986527 0.284538
vt 0.086301 0.104391
vt 0.102134 0.112255
vt 0.094104 0.087567
vt 0.071438 0.110940
vt 0.073261 0.119008
vt 0.979707 0.322055
vt 0.965287 0.321414
vt 0.053645 0.080260
vt 0.672124 0.556940
vt 0.667087 0.558558
vt 0.671366 0.560999
vt 0.433698 0.150811
vt 0.427253 0.150865
vt 0.424802 0.159349
vt 0.433970 0.162390
vt 0.654326 0.359808
vt 0.625370 0.590327
vt 0.676569 0.355505
vt 0.632709 0.609413
vt 0.681987 0.582114
vt 0.686480 0.593922
vt 0.033282 0.096541
vt 0.029348 0.102355
vt 0.015265 0.922687
vt 0.008040 0.920175
vt 0.007958 0.925550
vt 0.899960 0.360794
vt 0.893465 0.369532
vt 0.891038 0.359115
vt 0.070528 0.137886
vt 0.047485 0.151800
vt 0.078413 0.147281
vt 0.038420 0.182322
vt 0.033129 0.166739
vt 0.961415 0.276582
vt 0.359390 0.638367
vt 0.363353 0.634140
vt 0.358973 0.633085
vt 0.747874 0.014164
vt 0.749335 0.019522
vt 0.745172 0.018747
vt 0.096575 0.123579
vt 0.267364 0.861537
vt 0.259568 0.860352
vt 0.260969 0.866853
vt 0.086381 0.146557
vt 0.091938 0.132937
vt 0.087543 0.131670
vt 0.088191 0.127894
vt 0.083671 0.152740
vt 0.088637 0.154355
vt 0.586453 0.126134
vt 0.582275 0.115162
vt 0.572889 0.128927
vt 0.240249 0.919237
vt 0.238924 0.910149
vt 0.259312 0.921641
vt 0.518943 0.618394
vt 0.513274 0.625615
vt 0.263648 0.662573
vt 0.241081 0.659421
vt 0.258328 0.672203
vt 0.268645 0.728108
vt 0.295681 0.707123
vt 0.270704 0.680035
vt 0.285221 0.678794
vt 0.752885 0.785561
vt 0.757445 0.796760
vt 0.322015 0.685308
vt 0.762956 0.811500
vt 0.780187 0.813966
vt 0.367609 0.695985
vt 0.339114 0.726968
vt 0.307110 0.741053
vt 0.029416 0.925395
vt 0.017671 0.931930
vt 0.036986 0.932939
vt 0.045255 0.926292
vt 0.042933 0.920951
vt 0.696058 0.293015
vt 0.690769 0.288372
vt 0.682735 0.308509
vt 0.669446 0.339989
vt 0.586668 0.047321
vt 0.580437 0.060717
vt 0.601943 0.082801
vt 0.575019 0.051465
vt 0.015523 0.952119
vt 0.036379 0.943558
vt 0.031679 0.977567
vt 0.565398 0.104437
vt 0.620679 0.088312
vt 0.624167 0.076268
vt 0.625673 0.050602
vt 0.609515 0.110627
vt 0.949019 0.341565
vt 0.955706 0.326936
vt 0.937094 0.338921
vt 0.701001 0.205349
vt 0.695690 0.190269
vt 0.706661 0.207736
vt 0.289432 0.884940
vt 0.282455 0.886551
vt 0.282835 0.890080
vt 0.712489 0.210359
vt 0.712768 0.233053
vt 0.927105 0.340717
vt 0.929740 0.331863
vt 0.573279 0.031885
vt 0.563569 0.037577
vt 0.046391 0.991206
vt 0.058736 0.975197
vt 0.054755 0.939152
vt 0.062825 0.938030
vt 0.938863 0.325598
vt 0.935135 0.320955
vt 0.341235 0.052331
vt 0.356197 0.046066
vt 0.344773 0.042933
vt 0.697667 0.177213
vt 0.708327 0.180862
vt 0.695635 0.184262
vt 0.335724 0.047503
vt 0.338792 0.040756
vt 0.712284 0.198346
vt 0.246347 0.493122
vt 0.250694 0.491129
vt 0.248819 0.500953
vt 0.566308 0.070708
vt 0.572220 0.061958
vt 0.070707 0.375724
vt 0.066848 0.372260
vt 0.057104 0.375195
vt 0.056412 0.372332
vt 0.060538 0.017068
vt 0.068475 0.012827
vt 0.041850 0.007458
vt 0.903353 0.043477
vt 0.901391 0.042655
vt 0.902196 0.017829
vt 0.641173 0.019894
vt 0.633516 0.012779
vt 0.616907 0.005511
vt 0.718394 0.178210
vt 0.751688 0.183015
vt 0.720790 0.199896
vt 0.775083 0.108818
vt 0.809045 0.092657
vt 0.761471 0.074370
vt 0.751639 0.113367
vt 0.077098 0.018118
vt 0.076469 0.029822
vt 0.066506 0.030353
vt 0.643562 0.623213
vt 0.658128 0.621612
vt 0.644523 0.619443
vt 0.588808 0.855517
vt 0.590406 0.865834
vt 0.582464 0.856918
vt 0.757331 0.971257
vt 0.746381 0.962891
vt 0.754227 0.960943
vt 0.672634 0.007285
vt 0.668363 0.005830
vt 0.654374 0.015854
vt 0.021956 0.075359
vt 0.758139 0.942956
vt 0.749913 0.945098
vt 0.787017 0.320615
vt 0.756273 0.277159
vt 0.738010 0.307897
vt 0.833298 0.833652
vt 0.840940 0.819483
vt 0.880093 0.804704
vt 0.062055 0.413545
vt 0.022553 0.403966
vt 0.048418 0.423534
vt 0.746290 0.235932
vt 0.721922 0.249286
vt 0.731254 0.291199
vt 0.588442 0.841166
vt 0.578372 0.845937
vt 0.583009 0.839052
vt 0.019596 0.085159
vt 0.051654 0.371933
vt 0.817909 0.216273
vt 0.816145 0.227483
vt 0.815932 0.216012
vt 0.041348 0.015673
vt 0.031560 0.015592
vt 0.033790 0.021934
vt 0.950808 0.316933
vt 0.884837 0.827973
vt 0.884538 0.834680
vt 0.836222 0.838671
vt 0.048550 0.405613
vt 0.044629 0.401957
vt 0.140937 0.919108
vt 0.140750 0.929788
vt 0.136735 0.927944
vt 0.057525 0.409766
vt 0.620295 0.111577
vt 0.616865 0.108949
vt 0.616770 0.111960
vt 0.510728 0.587377
vt 0.500741 0.582510
vt 0.499874 0.585896
vt 0.539226 0.052723
vt 0.547145 0.036390
vt 0.502339 0.067102
vt 0.093818 0.388758
vt 0.038950 0.386575
vt 0.062891 0.404072
vt 0.548149 0.053951
vt 0.053981 0.399506
vt 0.406260 0.178171
vt 0.404714 0.173529
vt 0.396642 0.174111
vt 0.511048 0.582440
vt 0.705747 0.366567
vt 0.701657 0.365507
vt 0.701508 0.357119
vt 0.396864 0.177306
vt 0.706909 0.355988
vt 0.244270 0.243867
vt 0.243377 0.254467
vt 0.239579 0.246099
vt 0.020686 0.384653
vt 0.064355 0.997499
vt 0.558227 0.048977
vt 0.565626 0.053695
vt 0.555269 0.046124
vt 0.031525 0.603623
vt 0.022749 0.600259
vt 0.036036 0.597605
vt 0.564172 0.061244
vt 0.025807 0.592570
vt 0.548618 0.066292
vt 0.735426 0.504835
vt 0.738786 0.501978
vt 0.734092 0.500542
vt 0.755217 0.468212
vt 0.756931 0.469372
vt 0.755535 0.479088
vt 0.554960 0.049577
vt 0.500382 0.027353
vt 0.492867 0.037158
vt 0.502745 0.029505
vt 0.485404 0.037591
vt 0.462604 0.055980
vt 0.425753 0.064001
vt 0.451111 0.057258
vt 0.367622 0.677148
vt 0.908353 0.130847
vt 0.917911 0.150799
vt 0.913183 0.156227
vt 0.425609 0.070496
vt 0.374079 0.032430
vt 0.406735 0.061791
vt 0.647048 0.507377
vt 0.641426 0.493143
vt 0.644197 0.491820
vt 0.729887 0.534926
vt 0.712103 0.523751
vt 0.730033 0.563145
vt 0.697408 0.557595
vt 0.154689 0.883844
vt 0.151233 0.911669
vt 0.196125 0.001431
vt 0.213459 0.007611
vt 0.231073 0.003143
vt 0.715881 0.591442
vt 0.750783 0.607686
vt 0.682200 0.511016
vt 0.689043 0.506299
vt 0.902176 0.104334
vt 0.905220 0.064644
vt 0.210168 0.678858
vt 0.217395 0.726549
vt 0.263952 0.684143
vt 0.241615 0.770433
vt 0.152411 0.691614
vt 0.124430 0.710015
vt 0.174863 0.716589
vt 0.158420 0.776593
vt 0.200232 0.802881
vt 0.882730 0.034650
vt 0.829329 0.021565
vt 0.905998 0.894420
vt 0.903994 0.895176
vt 0.945949 0.435160
vt 0.898285 0.436170
vt 0.901179 0.458142
vt 0.930854 0.980479
vt 0.935818 0.960366
vt 0.930076 0.943323
vt 0.146707 0.454960
vt 0.164030 0.441012
vt 0.070112 0.796282
vt 0.057378 0.809210
vt 0.064486 0.788668
vt 0.946270 0.458817
vt 0.058894 0.765157
vt 0.852827 0.024744
vt 0.108921 0.452009
vt 0.557137 0.815814
vt 0.560027 0.815095
vt 0.559371 0.834967
vt 0.869294 0.427180
vt 0.875909 0.411573
vt 0.878700 0.444779
vt 0.053040 0.743788
vt 0.049866 0.716293
vt 0.751587 0.972467
vt 0.134849 0.077549
vt 0.083489 0.074860
vt 0.782819 0.110958
vt 0.903267 0.375708
vt 0.914883 0.375421
vt 0.910262 0.378688
vt 0.054793 0.044734
vt 0.053964 0.048371
vt 0.111094 0.055877
vt 0.099361 0.858302
vt 0.861416 0.090363
vt 0.867086 0.056078
vt 0.875439 0.072336
vt 0.937735 0.923702
vt 0.470758 0.980667
vt 0.418765 0.979559
vt 0.467356 0.988390
vt 0.421016 0.974953
vt 0.324383 0.381823
vt 0.548943 0.192562
vt 0.385048 0.399727
vt 0.377839 0.422195
vt 0.870453 0.797908
vt 0.889386 0.800362
vt 0.093812 0.417543
vt 0.528478 0.087596
vt 0.835723 0.344170
vt 0.834184 0.336348
vt 0.838436 0.335837
vt 0.849415 0.714015
vt 0.867206 0.729556
vt 0.861847 0.758757
vt 0.885041 0.259339
vt 0.679042 0.090597
vt 0.672123 0.088727
vt 0.657912 0.102967
vt 0.599103 0.552868
vt 0.578673 0.548401
vt 0.613004 0.631714
vt 0.611549 0.545581
vt 0.302274 0.874816
vt 0.884789 0.325414
vt 0.874814 0.321710
vt 0.881629 0.272784
vt 0.765574 0.366313
vt 0.586079 0.141096
vt 0.613604 0.128748
vt 0.555050 0.142886
vt 0.533053 0.029411
vt 0.524550 0.030205
vt 0.534313 0.031787
vt 0.166110 0.925060
vt 0.211314 0.942249
vt 0.532580 0.858763
vt 0.548341 0.828029
vt 0.547689 0.840180
vt 0.805594 0.000547
vt 0.810420 0.005864
vt 0.837159 0.001586
vt 0.842870 0.006441
vt 0.885284 0.624197
vt 0.869321 0.624119
vt 0.870406 0.650217
vt 0.750410 0.845702
vt 0.794245 0.832737
vt 0.536105 0.867565
vt 0.514310 0.873108
vt 0.866804 0.001295
vt 0.868710 0.004841
vt 0.834232 0.650359
vt 0.837777 0.629247
vt 0.831717 0.623254
vt 0.809084 0.621772
vt 0.845333 0.671486
vt 0.705582 0.927311
vt 0.712193 0.956823
vt 0.685710 0.944571
vt 0.692893 0.974287
vt 0.732584 0.982147
vt 0.734210 0.992661
vt 0.142066 0.673212
vt 0.107790 0.686547
vt 0.662977 0.959641
vt 0.099779 0.713787
vt 0.159345 0.661705
vt 0.324972 0.205128
vt 0.334776 0.209201
vt 0.336702 0.204433
vt 0.368178 0.201545
vt 0.367753 0.205207
vt 0.354607 0.249148
vt 0.011616 0.727006
vt 0.029916 0.683117
vt 0.024946 0.706944
vt 0.899686 0.651255
vt 0.901687 0.675700
vt 0.896367 0.668731
vt 0.050123 0.664763
vt 0.042441 0.676843
vt 0.049479 0.669728
vt 0.036444 0.671787
vt 0.900016 0.689505
vt 0.905368 0.703637
vt 0.994895 0.803829
vt 0.990247 0.821711
vt 0.990548 0.779440
vt 0.927172 0.089808
vt 0.954328 0.051794
vt 0.939870 0.076507
vt 0.735920 0.915275
vt 0.735586 0.886993
vt 0.925378 0.105632
vt 0.645382 0.840017
vt 0.622251 0.827890
vt 0.655556 0.820319
vt 0.995434 0.840839
vt 0.990600 0.849823
vt 0.349271 0.767910
vt 0.358481 0.757220
vt 0.338288 0.812153
vt 0.903398 0.614531
vt 0.908987 0.611769
vt 0.901397 0.632664
vt 0.485363 0.182273
vt 0.479023 0.457614
vt 0.450605 0.464164
vt 0.079345 0.678571
vt 0.082204 0.681418
vt 0.086262 0.681127
vt 0.081910 0.267551
vt 0.127236 0.268051
vt 0.119434 0.252303
vt 0.484172 0.434251
vt 0.489721 0.441482
vt 0.376732 0.141862
vt 0.408653 0.156353
vt 0.408740 0.130972
vt 0.366406 0.115781
vt 0.418399 0.112548
vt 0.441729 0.116285
vt 0.561504 0.134729
vt 0.506025 0.127996
vt 0.513076 0.138313
vt 0.345526 0.098596
vt 0.305192 0.115952
vt 0.092742 0.234330
vt 0.047427 0.241846
vt 0.088143 0.243933
vt 0.012863 0.365298
vt 0.018278 0.307278
vt 0.064727 0.262849
vt 0.588763 0.510661
vt 0.551124 0.520789
vt 0.585290 0.529407
vt 0.645804 0.862486
vt 0.624366 0.851577
vt 0.630656 0.499048
vt 0.618986 0.499740
vt 0.614800 0.511513
vt 0.224772 0.105107
vt 0.230935 0.137766
vt 0.228180 0.120402
vt 0.610442 0.836839
vt 0.601844 0.852497
vt 0.196922 0.134070
vt 0.203064 0.097818
vt 0.311500 0.782708
vt 0.625789 0.863442
vt 0.618017 0.878383
vt 0.602914 0.874255
vt 0.577387 0.895555
vt 0.581760 0.887398
vt 0.588371 0.502167
vt 0.554969 0.505628
vt 0.126595 0.777910
vt 0.089660 0.736027
vt 0.102599 0.797649
vt 0.905243 0.350502
vt 0.903429 0.342814
vt 0.924415 0.353546
vt 0.283842 0.102080
vt 0.288239 0.100186
vt 0.284513 0.090347
vt 0.288964 0.125431
vt 0.284780 0.103320
vt 0.939127 0.349588
vt 0.936841 0.351681
vt 0.923359 0.276549
vt 0.932623 0.273783
vt 0.939127 0.279149
vt 0.900701 0.320195
vt 0.907075 0.335166
vt 0.295056 0.126148
vt 0.290829 0.152049
vt 0.573040 0.922539
vt 0.560174 0.937303
vt 0.556389 0.912015
vt 0.645442 0.927302
vt 0.634582 0.948790
vt 0.658746 0.909928
vt 0.624521 0.892823
vt 0.576253 0.909062
vt 0.882881 0.695264
vt 0.869640 0.680032
vt 0.595147 0.567710
vt 0.582935 0.562157
vt 0.553965 0.563010
vt 0.553962 0.557563
vt 0.726753 0.619089
vt 0.751219 0.619611
vt 0.914849 0.031817
vt 0.914307 0.044467
vt 0.188820 0.005539
vt 0.610918 0.559186
vt 0.462875 0.010263
vt 0.447659 0.013543
vt 0.481716 0.012872
vt 0.645123 0.544731
vt 0.949428 0.035907
vt 0.937081 0.039367
vt 0.952099 0.043069
vt 0.894231 0.327419
vt 0.924553 0.268432
vt 0.931361 0.267336
vt 0.903742 0.294300
vt 0.379259 0.169540
vt 0.288934 0.168934
vt 0.860068 0.343560
vt 0.844853 0.306396
vt 0.884970 0.373093
vt 0.861111 0.367826
vt 0.986679 0.675941
vt 0.985563 0.665116
vt 0.990013 0.665707
vt 0.989048 0.653831
vt 0.559927 0.873986
vt 0.557753 0.883292
vt 0.557947 0.869438
vt 0.622470 0.696470
vt 0.635453 0.709180
vt 0.625427 0.707844
vt 0.897659 0.768252
vt 0.904031 0.782918
vt 0.873034 0.772576
vt 0.888680 0.783494
vt 0.876843 0.757228
vt 0.895929 0.747866
vt 0.897686 0.759772
vt 0.867638 0.758796
vt 0.122115 0.029835
vt 0.125149 0.027036
vt 0.100759 0.031532
vt 0.118520 0.022316
vt 0.105268 0.026696
vt 0.885953 0.146804
vt 0.898002 0.143439
vt 0.881287 0.143509
vt 0.083189 0.020457
vt 0.256930 0.074887
vt 0.267241 0.066587
vt 0.259234 0.052559
vt 0.243244 0.036406
vt 0.193292 0.037321
vt 0.190250 0.052939
vt 0.221299 0.071350
vt 0.188227 0.092151
vt 0.210252 0.093592
vt 0.212229 0.027816
vt 0.240324 0.091954
vt 0.233967 0.095459
vt 0.914649 0.071889
vt 0.630981 0.112232
vt 0.019837 0.263121
vt 0.873662 0.264634
vt 0.839041 0.273519
vt 0.853071 0.224202
vt 0.992249 0.067837
vt 0.265083 0.879454
vt 0.984484 0.049457
vt 0.283106 0.867154
vt 0.708922 0.891937
vt 0.483930 0.109092
vt 0.479902 0.108221
vt 0.439934 0.008501
vt 0.630411 0.648900
vt 0.634988 0.644333
vt 0.622742 0.662768
vt 0.627136 0.660632
vt 0.901775 0.733272
vt 0.876252 0.746102
vt 0.616610 0.675501
vt 0.618225 0.671890
vt 0.617627 0.699274
vt 0.177616 0.131814
vt 0.030599 0.721651
vt 0.037033 0.698543
vt 0.046163 0.688275
vt 0.057439 0.695981
vt 0.055733 0.684783
vt 0.213184 0.936649
vt 0.941537 0.028059
vt 0.956431 0.026639
vt 0.953023 0.004821
vt 0.983296 0.130644
vt 0.992411 0.137395
vt 0.937967 0.004014
vt 0.971123 0.002874
vt 0.981211 0.101239
vt 0.715089 0.821542
vt 0.686821 0.811006
vt 0.728530 0.782801
vt 0.735418 0.793470
vt 0.934245 0.029949
vt 0.971033 0.137522
vt 0.037189 0.066807
vt 0.055234 0.060084
vt 0.012092 0.059802
vt 0.964030 0.096356
vt 0.716449 0.309554
vt 0.717882 0.315893
vt 0.711280 0.317314
vt 0.963905 0.079312
vt 0.963640 0.066757
vt 0.964158 0.091816
vt 0.719300 0.331913
vt 0.711177 0.331514
vt 0.491545 0.028749
vt 0.896023 0.571876
vt 0.881516 0.590587
vt 0.894452 0.583795
vt 0.169053 0.256116
vt 0.167495 0.238602
vt 0.675633 0.878203
vt 0.060860 0.667639
vt 0.050713 0.677428
vt 0.971317 0.618689
vt 0.976116 0.619090
vt 0.976451 0.623603
vt 0.976387 0.021182
vt 0.861213 0.607324
vt 0.089808 0.274969
vt 0.865428 0.148631
vt 0.861458 0.143306
vt 0.486763 0.367328
vt 0.490100 0.359569
vt 0.490382 0.379398
vt 0.491586 0.406411
vt 0.982810 0.090004
vt 0.002889 0.755608
vt 0.002202 0.774815
vt 0.970904 0.033069
vt 0.914032 0.357376
vt 0.921346 0.357919
vt 0.111139 0.278991
s 0
usemtl Material.001
f 68/1/1 69/2/1 63/3/1
f 63/3/2 71/4/2 60/5/2
f 60/5/3 71/4/3 59/6/3
f 10/7/4 60/8/4 59/9/4
f 63/3/5 67/10/5 68/1/5
f 67/10/6 63/3/6 64/11/6
f 64/12/7 63/13/7 60/14/7
f 65/15/8 67/10/8 64/11/8
f 91/16/9 64/12/9 60/14/9
f 71/4/10 63/3/10 69/2/10
f 59/6/11 71/4/11 58/17/11
f 83/18/12 70/19/12 68/1/12
f 70/19/13 69/2/13 68/1/13
f 73/20/14 71/4/14 69/2/14
f 61/21/15 59/22/15 58/23/15
f 71/4/16 73/20/16 58/17/16
f 73/20/17 56/24/17 58/17/17
f 67/10/18 82/25/18 83/18/18
f 60/8/19 43/26/19 91/27/19
f 10/7/20 43/26/20 60/8/20
f 13/28/21 43/29/21 10/30/21
f 67/10/22 65/15/22 82/25/22
f 91/16/23 65/31/23 64/12/23
f 68/1/24 67/10/24 83/18/24
f 91/16/25 82/32/25 65/31/25
f 17/33/26 16/34/26 18/35/26
f 42/36/27 16/37/27 17/38/27
f 18/39/28 82/32/28 91/16/28
f 43/26/29 17/40/29 91/27/29
f 13/41/30 29/42/30 43/43/30
f 29/44/31 17/38/31 43/29/31
f 91/45/32 17/46/32 18/47/32
f 57/48/33 55/49/33 51/50/33
f 74/51/34 48/52/34 55/53/34
f 70/19/35 76/54/35 72/55/35
f 70/19/36 72/55/36 69/2/36
f 57/56/37 7/57/37 5/58/37
f 55/59/38 57/60/38 56/61/38
f 74/51/39 56/24/39 73/20/39
f 57/62/40 5/63/40 56/64/40
f 5/65/41 58/23/41 56/64/41
f 72/55/42 73/20/42 69/2/42
f 74/51/43 73/20/43 72/55/43
f 75/66/44 74/51/44 72/55/44
f 74/51/45 55/53/45 56/24/45
f 59/9/46 61/67/46 10/7/46
f 61/68/47 2/69/47 3/70/47
f 61/68/48 3/70/48 10/71/48
f 3/70/49 11/72/49 10/71/49
f 5/73/50 2/69/50 61/68/50
f 5/65/51 61/21/51 58/23/51
f 10/71/52 11/72/52 13/74/52
f 86/75/53 87/76/53 83/18/53
f 16/77/54 54/78/54 18/79/54
f 54/80/55 62/81/55 82/32/55
f 54/80/56 82/32/56 18/39/56
f 82/25/57 62/82/57 86/75/57
f 82/25/58 86/75/58 83/18/58
f 87/76/59 70/19/59 83/18/59
f 92/83/60 45/84/60 85/85/60
f 52/86/61 92/83/61 85/85/61
f 85/87/62 45/88/62 84/89/62
f 84/89/63 46/90/63 90/91/63
f 45/88/64 46/90/64 84/89/64
f 41/92/65 93/93/65 14/94/65
f 33/95/66 34/96/66 37/97/66
f 31/98/67 32/99/67 23/100/67
f 39/101/68 16/37/68 42/36/68
f 29/42/69 42/102/69 17/103/69
f 31/98/70 23/100/70 33/95/70
f 32/99/71 31/98/71 38/104/71
f 39/105/72 32/99/72 38/104/72
f 38/104/73 31/98/73 40/106/73
f 27/107/74 24/108/74 26/109/74
f 39/105/75 38/104/75 16/110/75
f 53/111/76 54/78/76 16/77/76
f 40/112/77 53/113/77 16/34/77
f 16/110/78 38/104/78 40/106/78
f 26/109/79 42/102/79 29/42/79
f 26/109/80 39/105/80 42/102/80
f 32/99/81 39/105/81 26/109/81
f 26/109/82 24/108/82 32/99/82
f 23/100/83 32/99/83 24/108/83
f 52/86/84 85/85/84 62/81/84
f 52/86/85 62/81/85 54/80/85
f 87/76/86 84/114/86 88/115/86
f 87/76/87 88/115/87 70/19/87
f 70/19/88 89/116/88 76/54/88
f 87/76/89 86/75/89 84/114/89
f 62/82/90 84/114/90 86/75/90
f 85/117/91 84/114/91 62/82/91
f 50/118/92 102/119/92 106/120/92
f 15/121/93 14/94/93 53/113/93
f 14/122/94 93/123/94 92/124/94
f 14/122/95 92/124/95 52/125/95
f 53/126/96 52/127/96 54/128/96
f 40/112/97 15/121/97 53/113/97
f 14/129/98 52/130/98 53/111/98
f 41/131/99 37/97/99 34/96/99
f 37/97/100 41/131/100 14/132/100
f 37/97/101 14/132/101 15/133/101
f 37/97/102 15/133/102 33/95/102
f 33/95/103 15/133/103 40/106/103
f 31/98/104 33/95/104 40/106/104
f 11/134/105 12/135/105 28/136/105
f 12/135/106 27/107/106 28/136/106
f 11/134/107 28/136/107 29/42/107
f 28/136/108 26/109/108 29/42/108
f 27/107/109 26/109/109 28/136/109
f 29/42/110 13/41/110 11/134/110
f 3/70/111 12/137/111 11/72/111
f 9/138/112 12/137/112 3/70/112
f 2/69/113 1/139/113 3/70/113
f 1/139/114 9/138/114 3/70/114
f 57/56/115 8/140/115 7/57/115
f 51/141/116 8/140/116 57/56/116
f 107/142/117 4/143/117 8/144/117
f 7/145/118 8/144/118 4/143/118
f 6/146/119 1/139/119 4/143/119
f 4/143/120 2/69/120 5/73/120
f 4/143/121 1/139/121 2/69/121
f 5/73/122 7/145/122 4/143/122
f 48/147/123 51/50/123 55/49/123
f 105/148/124 103/149/124 107/150/124
f 108/151/125 107/150/125 103/149/125
f 99/152/126 103/149/126 104/153/126
f 104/153/127 103/149/127 105/148/127
f 105/148/128 107/150/128 8/154/128
f 101/155/129 108/151/129 103/149/129
f 76/54/130 75/66/130 72/55/130
f 75/66/131 48/52/131 74/51/131
f 77/156/132 75/66/132 76/54/132
f 48/52/133 75/66/133 79/157/133
f 79/157/134 75/66/134 77/156/134
f 89/116/135 79/157/135 77/156/135
f 66/158/136 50/159/136 49/160/136
f 106/161/137 104/153/137 105/148/137
f 49/162/138 51/163/138 48/164/138
f 50/118/139 106/120/139 105/165/139
f 50/118/140 105/165/140 51/141/140
f 49/162/141 50/166/141 51/163/141
f 51/141/142 105/165/142 8/140/142
f 79/157/143 66/167/143 49/168/143
f 79/157/144 49/168/144 48/52/144
f 108/169/145 6/146/145 4/143/145
f 107/142/146 108/169/146 4/143/146
f 84/89/147 90/91/147 88/170/147
f 76/54/148 89/116/148 77/156/148
f 88/115/149 90/171/149 89/116/149
f 90/171/150 80/172/150 89/116/150
f 88/115/151 89/116/151 70/19/151
f 138/173/152 44/174/152 454/175/152
f 122/176/153 113/177/153 121/178/153
f 95/179/154 122/176/154 44/180/154
f 138/181/155 95/179/155 44/180/155
f 95/179/156 123/182/156 122/176/156
f 122/176/157 123/182/157 114/183/157
f 122/176/158 114/183/158 113/177/158
f 46/90/159 47/184/159 90/91/159
f 110/185/160 102/119/160 81/186/160
f 102/187/161 96/188/161 81/189/161
f 81/190/162 96/191/162 78/192/162
f 80/172/163 81/190/163 78/192/163
f 46/90/164 45/88/164 47/184/164
f 111/193/165 81/194/165 47/195/165
f 47/196/166 81/190/166 80/172/166
f 111/193/167 112/197/167 81/194/167
f 111/193/168 47/198/168 124/199/168
f 66/167/169 79/157/169 78/192/169
f 96/200/170 50/159/170 66/158/170
f 78/192/171 79/157/171 89/116/171
f 80/172/172 78/192/172 89/116/172
f 96/191/173 66/167/173 78/192/173
f 96/188/174 102/187/174 50/201/174
f 20/202/175 22/203/175 19/204/175
f 21/205/176 23/100/176 24/108/176
f 27/107/177 12/135/177 25/206/177
f 27/107/178 25/206/178 24/108/178
f 109/207/179 25/206/179 9/208/179
f 25/206/180 12/135/180 9/208/180
f 6/146/181 109/209/181 1/139/181
f 6/210/182 108/151/182 109/211/182
f 1/212/183 109/211/183 9/213/183
f 109/207/184 21/205/184 25/206/184
f 21/205/185 22/203/185 23/100/185
f 25/206/186 21/205/186 24/108/186
f 21/205/187 19/204/187 22/203/187
f 19/214/188 109/211/188 108/151/188
f 19/204/189 21/205/189 109/207/189
f 100/215/190 101/155/190 103/149/190
f 20/202/191 19/204/191 100/216/191
f 19/214/192 108/151/192 101/155/192
f 100/215/193 19/214/193 101/155/193
f 111/193/194 124/199/194 115/217/194
f 117/218/195 111/193/195 115/217/195
f 120/219/196 113/177/196 118/220/196
f 120/219/197 118/220/197 119/221/197
f 119/221/198 117/218/198 116/222/198
f 118/220/199 117/218/199 119/221/199
f 116/222/200 117/218/200 115/217/200
f 118/220/201 111/193/201 117/218/201
f 121/178/202 120/219/202 452/223/202
f 121/178/203 113/177/203 120/219/203
f 113/177/204 112/197/204 111/193/204
f 118/220/205 113/177/205 111/193/205
f 114/183/206 112/197/206 113/177/206
f 41/131/207 34/96/207 36/224/207
f 35/225/208 30/226/208 36/227/208
f 36/227/209 30/226/209 102/228/209
f 102/119/210 110/185/210 36/229/210
f 98/230/211 35/231/211 34/96/211
f 34/96/212 35/231/212 36/224/212
f 126/232/213 127/233/213 125/234/213
f 215/235/214 556/236/214 127/233/214
f 126/232/215 214/237/215 215/235/215
f 215/235/216 127/233/216 126/232/216
f 99/152/217 104/153/217 97/238/217
f 106/161/218 97/238/218 104/153/218
f 102/228/219 97/238/219 106/161/219
f 30/226/220 97/238/220 102/228/220
f 99/152/221 97/238/221 30/226/221
f 98/239/222 99/152/222 30/226/222
f 98/230/223 22/203/223 20/202/223
f 98/239/224 30/226/224 35/240/224
f 99/152/225 98/239/225 20/241/225
f 99/152/226 20/241/226 100/215/226
f 99/152/227 100/215/227 103/149/227
f 33/95/228 98/230/228 34/96/228
f 23/100/229 98/230/229 33/95/229
f 23/100/230 22/203/230 98/230/230
f 619/242/231 131/243/231 129/244/231
f 131/245/232 130/246/232 129/244/232
f 484/247/233 92/248/233 93/249/233
f 484/250/234 45/251/234 92/252/234
f 438/253/235 380/254/235 379/255/235
f 380/254/236 385/256/236 379/255/236
f 241/257/237 438/253/237 379/255/237
f 384/258/238 226/259/238 414/260/238
f 414/261/239 226/262/239 468/263/239
f 226/262/240 225/264/240 469/265/240
f 226/262/241 469/265/241 468/263/241
f 469/266/242 675/267/242 674/268/242
f 468/269/243 469/266/243 674/268/243
f 223/270/244 675/267/244 469/266/244
f 223/271/245 469/272/245 225/273/245
f 385/274/246 468/269/246 490/275/246
f 490/275/247 468/269/247 672/276/247
f 468/277/248 385/278/248 414/279/248
f 414/279/249 385/278/249 413/280/249
f 676/281/250 675/267/250 223/270/250
f 685/282/251 435/283/251 560/284/251
f 637/285/252 582/286/252 685/282/252
f 637/287/253 669/288/253 575/289/253
f 669/290/254 637/285/254 685/282/254
f 434/291/255 435/292/255 436/293/255
f 560/294/256 434/295/256 562/296/256
f 560/294/257 435/297/257 434/295/257
f 685/282/258 560/284/258 561/298/258
f 669/290/259 685/282/259 232/299/259
f 232/299/260 685/282/260 561/298/260
f 232/299/261 561/298/261 230/300/261
f 575/289/262 669/288/262 576/301/262
f 436/302/263 673/303/263 434/304/263
f 672/276/264 673/305/264 436/306/264
f 628/307/265 595/308/265 435/309/265
f 595/310/266 672/311/266 436/312/266
f 595/308/267 436/313/267 435/309/267
f 672/311/268 595/310/268 664/314/268
f 311/315/269 672/276/269 312/316/269
f 672/311/270 664/314/270 312/317/270
f 674/268/271 673/305/271 672/276/271
f 468/269/272 674/268/272 672/276/272
f 490/275/273 672/276/273 311/315/273
f 384/318/274 207/319/274 226/320/274
f 207/321/275 225/322/275 226/259/275
f 207/323/276 221/324/276 223/325/276
f 207/326/277 223/327/277 225/328/277
f 379/329/278 385/330/278 490/331/278
f 311/332/279 379/333/279 490/334/279
f 675/267/280 422/335/280 674/268/280
f 664/336/281 628/337/281 313/338/281
f 685/339/282 628/340/282 435/341/282
f 628/342/283 582/343/283 306/344/283
f 664/345/284 595/346/284 628/347/284
f 628/342/285 685/348/285 582/343/285
f 313/349/286 628/340/286 306/350/286
f 306/351/287 582/286/287 636/352/287
f 370/353/288 412/354/288 369/355/288
f 412/354/289 493/356/289 369/357/289
f 562/296/290 434/295/290 618/358/290
f 563/359/291 618/360/291 228/361/291
f 618/358/292 434/295/292 437/362/292
f 563/359/293 562/363/293 618/360/293
f 230/300/294 561/298/294 563/364/294
f 561/365/295 562/366/295 563/367/295
f 560/368/296 562/366/296 561/365/296
f 423/369/297 492/370/297 491/371/297
f 492/370/298 493/372/298 491/371/298
f 492/370/299 496/373/299 494/374/299
f 423/369/300 496/373/300 492/370/300
f 423/369/301 418/375/301 496/373/301
f 497/376/302 491/371/302 412/377/302
f 491/378/303 497/379/303 434/304/303
f 434/304/304 497/379/304 437/380/304
f 491/371/305 493/372/305 412/377/305
f 673/303/306 491/378/306 434/304/306
f 673/303/307 423/381/307 491/378/307
f 368/382/308 366/383/308 363/384/308
f 363/384/309 367/385/309 365/386/309
f 367/385/310 363/384/310 366/383/310
f 366/383/311 310/387/311 367/385/311
f 181/388/312 310/389/312 308/390/312
f 318/391/313 181/388/313 308/390/313
f 430/392/314 432/393/314 364/394/314
f 367/395/315 430/392/315 365/396/315
f 310/397/316 181/398/316 367/395/316
f 367/395/317 181/398/317 432/393/317
f 367/395/318 432/393/318 430/392/318
f 563/399/319 228/400/319 230/401/319
f 230/402/320 228/403/320 227/404/320
f 227/404/321 317/405/321 318/406/321
f 232/407/322 231/408/322 613/409/322
f 613/409/323 231/408/323 629/410/323
f 232/411/324 230/402/324 231/412/324
f 629/413/325 232/414/325 613/415/325
f 173/416/326 181/388/326 318/391/326
f 318/391/327 316/417/327 173/416/327
f 318/391/328 317/418/328 316/417/328
f 241/419/329 366/420/329 242/421/329
f 242/421/330 366/420/330 368/422/330
f 307/423/331 310/389/331 366/424/331
f 241/257/332 379/255/332 366/425/332
f 379/255/333 311/426/333 366/425/333
f 366/424/334 311/427/334 307/423/334
f 311/427/335 312/428/335 307/423/335
f 312/429/336 305/430/336 307/431/336
f 664/336/337 313/338/337 312/429/337
f 313/338/338 305/430/338 312/429/338
f 422/335/339 423/432/339 674/268/339
f 674/268/340 423/432/340 673/305/340
f 229/433/341 227/434/341 318/391/341
f 309/435/342 576/436/342 231/412/342
f 576/436/343 629/437/343 231/412/343
f 309/438/344 231/439/344 229/433/344
f 231/412/345 230/402/345 227/404/345
f 227/404/346 229/440/346 231/412/346
f 629/441/347 669/290/347 232/299/347
f 576/442/348 669/290/348 629/441/348
f 582/443/349 637/444/349 636/445/349
f 307/423/350 308/390/350 310/389/350
f 229/433/351 318/391/351 308/390/351
f 305/446/352 306/344/352 308/390/352
f 308/390/353 307/423/353 305/446/353
f 308/390/354 306/344/354 309/438/354
f 308/390/355 309/438/355 229/433/355
f 305/446/356 313/447/356 306/344/356
f 306/448/357 636/352/357 309/449/357
f 637/285/358 576/442/358 636/352/358
f 309/449/359 636/352/359 576/442/359
f 576/450/360 637/451/360 575/452/360
f 287/453/361 291/454/361 285/455/361
f 280/456/362 291/454/362 287/453/362
f 291/454/363 280/456/363 290/457/363
f 285/458/364 291/459/364 340/460/364
f 336/461/365 285/458/365 340/460/365
f 280/456/366 281/462/366 236/463/366
f 279/464/367 281/462/367 280/456/367
f 281/465/368 238/466/368 236/467/368
f 682/468/369 679/469/369 279/470/369
f 279/464/370 679/471/370 281/462/370
f 276/472/371 272/473/371 273/474/371
f 278/475/372 442/476/372 441/477/372
f 441/477/373 442/476/373 275/478/373
f 276/479/374 278/480/374 441/481/374
f 276/479/375 441/481/375 275/482/375
f 276/483/376 277/484/376 278/485/376
f 443/486/377 584/487/377 442/476/377
f 273/474/378 272/473/378 271/488/378
f 272/473/379 274/489/379 271/488/379
f 272/473/380 276/479/380 275/482/380
f 275/478/381 442/476/381 403/490/381
f 274/489/382 272/473/382 275/482/382
f 649/491/383 701/492/383 278/475/383
f 238/493/384 443/494/384 442/495/384
f 238/493/385 281/496/385 443/494/385
f 443/497/386 281/498/386 679/469/386
f 584/499/387 443/497/387 682/468/387
f 238/500/388 701/501/388 234/502/388
f 278/475/389 701/492/389 442/476/389
f 701/492/390 238/503/390 442/476/390
f 679/469/391 682/468/391 443/497/391
f 278/480/392 277/504/392 649/505/392
f 589/506/393 591/507/393 283/508/393
f 591/507/394 284/509/394 283/508/394
f 644/510/395 273/474/395 271/488/395
f 643/511/396 591/512/396 644/513/396
f 284/514/397 591/512/397 643/511/397
f 651/515/398 650/516/398 649/517/398
f 678/518/399 680/519/399 588/520/399
f 645/521/400 587/522/400 643/523/400
f 680/519/401 681/524/401 588/520/401
f 588/520/402 681/524/402 587/525/402
f 668/526/403 588/527/403 403/528/403
f 403/528/404 588/527/404 645/521/404
f 588/527/405 587/522/405 645/521/405
f 587/522/406 286/529/406 643/523/406
f 287/530/407 286/531/407 587/525/407
f 271/532/408 403/528/408 645/521/408
f 645/533/409 643/511/409 644/513/409
f 644/534/410 271/532/410 645/521/410
f 587/525/411 681/524/411 280/535/411
f 587/525/412 280/535/412 287/530/412
f 403/490/413 442/476/413 584/487/413
f 403/490/414 584/487/414 668/536/414
f 274/537/415 275/538/415 403/539/415
f 271/540/416 274/537/416 403/539/416
f 668/541/417 678/518/417 588/520/417
f 584/499/418 678/518/418 668/541/418
f 680/519/419 279/470/419 681/524/419
f 680/519/420 682/468/420 279/470/420
f 678/518/421 682/468/421 680/519/421
f 584/499/422 682/468/422 678/518/422
f 649/517/423 648/542/423 701/543/423
f 282/544/424 285/458/424 336/461/424
f 282/545/425 283/546/425 285/455/425
f 284/547/426 285/455/426 283/546/426
f 286/548/427 285/455/427 284/547/427
f 643/511/428 286/549/428 284/514/428
f 285/455/429 286/548/429 287/453/429
f 681/550/430 279/464/430 280/456/430
f 508/551/431 177/552/431 505/553/431
f 177/554/432 176/555/432 624/556/432
f 505/553/433 177/552/433 624/557/433
f 624/556/434 176/555/434 625/558/434
f 623/559/435 624/556/435 625/558/435
f 623/559/436 625/558/436 627/560/436
f 176/561/437 175/562/437 625/563/437
f 174/564/438 146/565/438 150/566/438
f 625/563/439 174/567/439 169/568/439
f 175/562/440 174/567/440 625/563/440
f 175/569/441 149/570/441 174/571/441
f 625/563/442 169/568/442 168/572/442
f 170/573/443 169/568/443 171/574/443
f 168/572/444 170/573/444 172/575/444
f 169/576/445 150/577/445 684/578/445
f 171/579/446 169/576/446 684/578/446
f 169/576/447 174/580/447 150/577/447
f 169/568/448 170/573/448 168/572/448
f 322/581/449 625/563/449 168/572/449
f 142/582/450 151/583/450 141/584/450
f 161/585/451 151/583/451 142/582/451
f 149/586/452 161/585/452 142/582/452
f 146/565/453 149/586/453 142/582/453
f 149/586/454 146/565/454 174/564/454
f 508/551/455 178/587/455 177/552/455
f 177/588/456 178/589/456 176/561/456
f 175/590/457 161/585/457 149/586/457
f 161/585/458 179/591/458 151/583/458
f 176/561/459 178/589/459 175/562/459
f 161/592/460 178/589/460 179/593/460
f 178/589/461 161/592/461 175/562/461
f 144/594/462 139/595/462 140/596/462
f 140/596/463 265/597/463 148/598/463
f 140/596/464 268/599/464 265/597/464
f 139/595/465 268/599/465 140/596/465
f 702/600/466 666/601/466 376/602/466
f 152/603/467 150/566/467 147/604/467
f 146/565/468 143/605/468 150/566/468
f 150/566/469 144/594/469 147/604/469
f 378/606/470 616/607/470 702/608/470
f 684/578/471 150/577/471 702/608/471
f 684/609/472 702/608/472 616/607/472
f 616/610/473 378/611/473 615/612/473
f 378/611/474 585/613/474 615/612/474
f 170/614/475 615/615/475 614/616/475
f 171/617/476 684/618/476 616/619/476
f 171/620/477 616/621/477 615/615/477
f 170/614/478 171/620/478 615/615/478
f 586/622/479 378/623/479 377/624/479
f 377/624/480 378/623/480 376/625/480
f 378/611/481 702/600/481 376/602/481
f 666/626/482 150/566/482 152/603/482
f 150/577/483 666/627/483 702/608/483
f 585/628/484 378/629/484 586/630/484
f 431/631/485 585/632/485 586/633/485
f 585/613/486 614/634/486 615/612/486
f 614/635/487 172/636/487 170/637/487
f 142/582/488 141/584/488 139/595/488
f 143/605/489 142/582/489 139/595/489
f 143/605/490 139/595/490 144/594/490
f 142/582/491 143/605/491 146/565/491
f 144/594/492 140/596/492 147/604/492
f 150/566/493 143/605/493 144/594/493
f 140/596/494 148/598/494 147/604/494
f 263/638/495 261/639/495 590/640/495
f 263/638/496 590/640/496 132/641/496
f 263/642/497 262/643/497 261/644/497
f 267/645/498 262/643/498 263/642/498
f 527/646/499 263/647/499 132/648/499
f 267/645/500 265/649/500 262/643/500
f 267/650/501 527/646/501 526/651/501
f 156/652/502 267/650/502 526/651/502
f 267/650/503 263/647/503 527/646/503
f 132/653/504 304/654/504 596/655/504
f 157/656/505 153/657/505 156/658/505
f 157/656/506 156/658/506 155/659/506
f 153/660/507 267/650/507 156/652/507
f 156/652/508 526/651/508 525/661/508
f 282/662/509 304/663/509 132/664/509
f 304/665/510 337/666/510 335/667/510
f 337/666/511 304/665/511 336/461/511
f 304/665/512 282/544/512 336/461/512
f 132/664/513 590/668/513 282/662/513
f 589/506/514 283/508/514 282/662/514
f 590/668/515 589/506/515 282/662/515
f 526/651/516 527/646/516 524/669/516
f 570/670/517 597/671/517 577/672/517
f 524/673/518 577/674/518 159/675/518
f 578/676/519 158/677/519 159/675/519
f 155/659/520 156/658/520 525/678/520
f 158/679/521 155/659/521 525/678/521
f 158/679/522 525/678/522 159/680/522
f 598/681/523 577/682/523 524/683/523
f 525/661/524 526/651/524 524/669/524
f 159/684/525 525/661/525 524/669/525
f 337/666/526 338/685/526 339/686/526
f 336/461/527 338/685/527 337/666/527
f 336/461/528 340/460/528 338/685/528
f 569/687/529 347/688/529 568/689/529
f 347/688/530 327/690/530 568/689/530
f 335/667/531 337/666/531 347/691/531
f 335/692/532 347/688/532 569/687/532
f 330/693/533 327/690/533 347/688/533
f 342/694/534 338/685/534 343/695/534
f 158/696/535 162/697/535 155/659/535
f 304/654/536 335/698/536 596/655/536
f 327/699/537 329/700/537 328/701/537
f 578/676/538 162/702/538 158/677/538
f 331/703/539 597/704/539 570/705/539
f 569/706/540 568/707/540 598/708/540
f 598/708/541 570/670/541 577/672/541
f 132/709/542 596/710/542 598/708/542
f 527/711/543 132/653/543 598/681/543
f 524/683/544 527/711/544 598/681/544
f 337/666/545 339/686/545 348/712/545
f 348/712/546 347/691/546 337/666/546
f 339/686/547 338/685/547 342/694/547
f 597/713/548 578/714/548 577/715/548
f 577/674/549 578/676/549 159/675/549
f 568/689/550 327/690/550 570/716/550
f 327/690/551 331/717/551 570/716/551
f 332/718/552 677/719/552 609/720/552
f 609/721/553 578/714/553 597/713/553
f 348/712/554 352/722/554 329/723/554
f 329/723/555 330/724/555 348/712/555
f 330/725/556 329/700/556 327/699/556
f 327/699/557 328/701/557 331/703/557
f 598/708/558 568/707/558 570/670/558
f 329/700/559 352/726/559 328/701/559
f 328/701/560 352/726/560 332/727/560
f 328/701/561 332/727/561 331/703/561
f 331/728/562 332/718/562 597/729/562
f 332/718/563 609/720/563 597/729/563
f 596/710/564 569/706/564 598/708/564
f 596/710/565 335/730/565 569/706/565
f 348/712/566 330/724/566 347/691/566
f 653/731/567 655/732/567 652/733/567
f 654/734/568 653/731/568 650/516/568
f 653/731/569 652/733/569 650/516/569
f 611/735/570 479/736/570 190/737/570
f 478/738/571 479/739/571 611/740/571
f 467/741/572 465/742/572 213/743/572
f 467/741/573 213/743/573 466/744/573
f 212/745/574 213/746/574 211/747/574
f 213/743/575 465/742/575 211/748/575
f 182/749/576 481/750/576 482/751/576
f 464/752/577 212/745/577 182/753/577
f 213/743/578 212/754/578 464/755/578
f 466/744/579 213/743/579 462/756/579
f 213/743/580 464/755/580 462/756/580
f 182/749/581 482/757/581 464/758/581
f 182/753/582 212/745/582 198/759/582
f 211/747/583 198/759/583 212/745/583
f 658/760/584 657/761/584 653/731/584
f 655/732/585 653/731/585 657/761/585
f 187/762/586 482/763/586 480/764/586
f 482/763/587 481/765/587 480/764/587
f 480/764/588 655/766/588 187/762/588
f 480/764/589 479/739/589 646/767/589
f 186/768/590 190/769/590 479/739/590
f 479/739/591 480/764/591 186/768/591
f 186/768/592 480/764/592 481/765/592
f 655/732/593 483/770/593 187/771/593
f 483/770/594 655/732/594 657/761/594
f 483/770/595 657/761/595 145/772/595
f 145/772/596 657/761/596 658/760/596
f 179/773/597 187/774/597 483/775/597
f 482/757/598 187/776/598 463/777/598
f 463/777/599 187/776/599 179/593/599
f 649/517/600 650/516/600 648/542/600
f 652/733/601 655/732/601 480/778/601
f 646/767/602 479/739/602 478/738/602
f 652/733/603 480/778/603 646/779/603
f 652/733/604 646/779/604 648/542/604
f 652/733/605 648/542/605 650/516/605
f 196/780/606 206/781/606 195/782/606
f 291/454/607 290/457/607 294/783/607
f 294/784/608 699/785/608 698/786/608
f 294/783/609 292/787/609 291/454/609
f 294/788/610 698/786/610 292/789/610
f 340/790/611 291/454/611 292/787/611
f 289/791/612 294/783/612 290/457/612
f 478/738/613 611/740/613 456/792/613
f 456/792/614 611/740/614 458/793/614
f 456/794/615 458/795/615 457/796/615
f 639/797/616 660/798/616 476/799/616
f 183/800/617 185/801/617 188/802/617
f 189/803/618 185/804/618 639/797/618
f 639/797/619 185/804/619 660/798/619
f 415/805/620 407/806/620 477/807/620
f 237/808/621 456/794/621 457/796/621
f 237/809/622 457/810/622 407/811/622
f 407/811/623 457/810/623 477/812/623
f 477/813/624 476/814/624 415/815/624
f 457/810/625 476/799/625 477/812/625
f 489/816/626 189/817/626 458/818/626
f 189/819/627 639/820/627 458/821/627
f 458/821/628 639/820/628 457/822/628
f 639/823/629 476/824/629 457/825/629
f 188/826/630 190/827/630 186/828/630
f 188/802/631 186/829/631 183/800/631
f 189/830/632 190/831/632 188/802/632
f 190/827/633 489/832/633 611/833/633
f 189/834/634 489/832/634 190/827/634
f 611/833/635 489/832/635 458/835/635
f 189/836/636 188/837/636 185/838/636
f 235/839/637 670/840/637 233/841/637
f 236/463/638 289/791/638 290/457/638
f 236/463/639 290/457/639 280/456/639
f 235/842/640 289/791/640 236/463/640
f 234/843/641 670/840/641 235/839/641
f 238/844/642 234/843/642 236/845/642
f 234/843/643 235/839/643 236/845/643
f 417/846/644 699/847/644 294/848/644
f 415/849/645 476/850/645 692/851/645
f 417/846/646 690/852/646 699/847/646
f 690/853/647 543/854/647 689/855/647
f 690/853/648 599/856/648 600/857/648
f 599/858/649 548/859/649 600/860/649
f 548/861/650 599/856/650 549/862/650
f 690/863/651 548/864/651 543/865/651
f 543/854/652 549/862/652 564/866/652
f 543/854/653 564/866/653 689/855/653
f 690/853/654 600/857/654 548/861/654
f 690/853/655 692/867/655 599/856/655
f 634/868/656 690/853/656 689/855/656
f 699/785/657 634/869/657 632/870/657
f 690/853/658 634/869/658 699/785/658
f 690/871/659 416/872/659 692/873/659
f 599/856/660 692/867/660 549/862/660
f 549/862/661 692/867/661 565/874/661
f 632/875/662 634/876/662 687/877/662
f 683/878/663 237/879/663 233/841/663
f 683/878/664 233/841/664 670/840/664
f 233/880/665 237/881/665 288/882/665
f 648/542/666 646/779/666 647/883/666
f 647/883/667 646/779/667 456/884/667
f 646/779/668 478/885/668 456/884/668
f 683/886/669 456/887/669 237/888/669
f 701/889/670 670/890/670 234/891/670
f 647/892/671 670/893/671 701/894/671
f 648/895/672 647/896/672 701/897/672
f 647/892/673 683/898/673 670/893/673
f 456/899/674 683/898/674 647/892/674
f 233/880/675 288/882/675 289/791/675
f 235/842/676 233/880/676 289/791/676
f 417/846/677 288/900/677 690/852/677
f 407/901/678 415/902/678 416/903/678
f 237/904/679 407/901/679 416/903/679
f 237/904/680 416/903/680 288/900/680
f 288/900/681 416/903/681 690/852/681
f 415/849/682 692/851/682 416/905/682
f 288/882/683 417/906/683 289/791/683
f 289/791/684 417/906/684 294/783/684
f 191/907/685 192/908/685 373/909/685
f 377/624/686 376/625/686 192/910/686
f 405/911/687 377/912/687 192/908/687
f 191/907/688 405/911/688 192/908/688
f 191/913/689 351/914/689 405/915/689
f 700/916/690 405/917/690 351/918/690
f 433/919/691 431/920/691 586/921/691
f 406/922/692 586/923/692 377/924/692
f 406/922/693 433/919/693 586/923/693
f 433/925/694 406/926/694 404/927/694
f 405/928/695 406/929/695 377/930/695
f 404/931/696 406/932/696 405/933/696
f 152/934/697 667/935/697 666/936/697
f 667/935/698 372/937/698 376/938/698
f 372/939/699 373/940/699 192/910/699
f 192/910/700 376/625/700 372/939/700
f 666/936/701 667/935/701 376/938/701
f 373/940/702 372/939/702 374/941/702
f 374/941/703 372/939/703 375/942/703
f 372/937/704 667/935/704 375/943/704
f 667/935/705 154/944/705 375/943/705
f 667/935/706 152/934/706 154/944/706
f 147/945/707 154/944/707 152/934/707
f 194/946/708 374/947/708 375/948/708
f 191/913/709 349/949/709 351/914/709
f 191/950/710 374/947/710 349/951/710
f 191/950/711 373/952/711 374/947/711
f 351/914/712 349/949/712 344/953/712
f 267/645/713 148/954/713 265/649/713
f 157/656/714 154/955/714 153/657/714
f 154/955/715 147/604/715 153/657/715
f 153/657/716 147/604/716 148/598/716
f 153/657/717 148/598/717 267/956/717
f 375/943/718 154/944/718 162/957/718
f 375/958/719 677/959/719 194/960/719
f 677/961/720 578/714/720 609/721/720
f 677/961/721 375/962/721 578/714/721
f 375/963/722 162/702/722 578/676/722
f 162/697/723 157/656/723 155/659/723
f 162/697/724 154/955/724 157/656/724
f 349/951/725 374/947/725 193/964/725
f 194/946/726 193/964/726 374/947/726
f 352/722/727 348/712/727 193/965/727
f 677/966/728 352/722/728 193/965/728
f 348/712/729 339/686/729 193/965/729
f 193/965/730 339/686/730 344/953/730
f 345/967/731 351/914/731 344/953/731
f 345/967/732 344/953/732 342/694/732
f 342/694/733 344/953/733 339/686/733
f 677/968/734 193/969/734 194/970/734
f 349/949/735 193/965/735 344/953/735
f 352/971/736 677/719/736 332/718/736
f 151/583/737 483/775/737 141/584/737
f 179/593/738 178/589/738 509/972/738
f 180/973/739 179/593/739 509/972/739
f 160/974/740 269/975/740 268/599/740
f 658/760/741 656/976/741 269/977/741
f 658/760/742 653/731/742 656/976/742
f 656/976/743 653/731/743 654/734/743
f 462/756/744 463/978/744 180/979/744
f 464/758/745 482/757/745 463/777/745
f 145/980/746 160/974/746 141/584/746
f 269/977/747 160/981/747 658/760/747
f 145/772/748 658/760/748 160/981/748
f 141/584/749 483/775/749 145/980/749
f 141/584/750 160/974/750 139/595/750
f 179/773/751 483/775/751 151/583/751
f 179/593/752 180/973/752 463/777/752
f 515/982/753 180/983/753 509/984/753
f 180/983/754 520/985/754 462/986/754
f 515/982/755 520/985/755 180/983/755
f 139/595/756 160/974/756 268/599/756
f 264/987/757 269/988/757 259/989/757
f 656/990/758 266/991/758 269/988/758
f 266/992/759 656/976/759 654/734/759
f 650/516/760 651/515/760 654/734/760
f 266/991/761 260/993/761 259/989/761
f 269/988/762 266/991/762 259/989/762
f 266/991/763 651/994/763 273/474/763
f 266/991/764 273/474/764 270/995/764
f 654/734/765 651/515/765 266/992/765
f 268/996/766 269/988/766 264/987/766
f 268/996/767 264/987/767 265/649/767
f 265/649/768 264/987/768 262/643/768
f 262/643/769 264/987/769 258/997/769
f 258/997/770 264/987/770 259/989/770
f 571/998/771 635/999/771 133/1000/771
f 635/999/772 571/998/772 164/1001/772
f 167/1002/773 163/1003/773 164/1004/773
f 165/1005/774 123/1006/774 163/1003/774
f 123/1006/775 166/1007/775 114/1008/775
f 541/1009/776 165/1005/776 163/1003/776
f 166/1007/777 112/1010/777 114/1008/777
f 44/1011/778 122/1012/778 451/1013/778
f 439/1014/779 453/1015/779 440/1016/779
f 440/1016/780 453/1015/780 424/1017/780
f 455/1018/781 454/1019/781 439/1014/781
f 439/1014/782 454/1019/782 453/1015/782
f 455/1020/783 439/1021/783 256/1022/783
f 256/1022/784 439/1021/784 333/1023/784
f 455/1018/785 138/1024/785 454/1019/785
f 453/1015/786 454/1019/786 44/1011/786
f 453/1015/787 44/1011/787 451/1013/787
f 424/1017/788 453/1015/788 451/1013/788
f 122/1012/789 121/1025/789 451/1013/789
f 133/1026/790 635/1027/790 137/1028/790
f 635/1029/791 94/1030/791 137/1028/791
f 137/1028/792 94/1030/792 138/1031/792
f 164/1001/793 94/1032/793 635/999/793
f 138/1033/794 94/1030/794 95/1034/794
f 95/1035/795 94/1032/795 164/1001/795
f 163/1003/796 123/1006/796 95/1036/796
f 164/1004/797 163/1003/797 95/1036/797
f 540/1037/798 541/1009/798 163/1003/798
f 137/1038/799 138/1024/799 455/1018/799
f 136/1039/800 137/1040/800 455/1041/800
f 136/1039/801 455/1041/801 256/1042/801
f 424/1017/802 451/1013/802 452/1043/802
f 451/1013/803 121/1044/803 452/1043/803
f 460/1045/804 663/1046/804 546/1047/804
f 696/1048/805 694/1049/805 544/1050/805
f 694/1051/806 663/1052/806 544/1053/806
f 460/1054/807 544/1050/807 663/1055/807
f 633/1056/808 665/1057/808 695/1058/808
f 686/1059/809 695/1060/809 665/1061/809
f 665/1057/810 633/1056/810 631/1062/810
f 688/1063/811 691/1064/811 693/1065/811
f 695/1066/812 694/1049/812 696/1048/812
f 686/1059/813 688/1067/813 695/1060/813
f 688/1063/814 693/1065/814 694/1049/814
f 688/1068/815 694/1069/815 695/1058/815
f 694/1049/816 630/1070/816 663/1055/816
f 663/1071/817 630/1072/817 546/1073/817
f 687/1074/818 686/1075/818 665/1076/818
f 687/1074/819 665/1076/819 631/1077/819
f 341/1078/820 343/695/820 338/685/820
f 340/790/821 292/787/821 293/1079/821
f 340/460/822 293/1080/822 341/1078/822
f 295/1081/823 293/1079/823 292/787/823
f 295/1081/824 296/1082/824 293/1079/824
f 295/1081/825 297/1083/825 296/1082/825
f 696/1048/826 544/1084/826 297/1085/826
f 297/1086/827 544/1087/827 606/1088/827
f 607/1089/828 486/1090/828 606/1091/828
f 633/1092/829 697/1093/829 698/786/829
f 632/1094/830 633/1092/830 698/786/830
f 292/1095/831 698/786/831 295/1096/831
f 695/1058/832 696/1097/832 633/1056/832
f 698/786/833 697/1093/833 295/1096/833
f 633/1092/834 696/1048/834 697/1093/834
f 697/1093/835 696/1048/835 295/1096/835
f 295/1096/836 696/1048/836 297/1085/836
f 564/866/837 691/1064/837 689/855/837
f 564/866/838 549/862/838 565/874/838
f 601/1098/839 602/1099/839 662/1100/839
f 691/1064/840 565/874/840 693/1065/840
f 602/1101/841 688/1102/841 686/1103/841
f 602/1104/842 691/1064/842 688/1063/842
f 691/1105/843 602/1106/843 689/1107/843
f 634/868/844 689/855/844 687/1108/844
f 687/1108/845 689/855/845 601/1109/845
f 689/855/846 602/1104/846 601/1109/846
f 601/1109/847 662/1110/847 686/1059/847
f 601/1109/848 686/1059/848 687/1108/848
f 662/1110/849 602/1111/849 686/1059/849
f 564/866/850 565/874/850 691/1064/850
f 631/1112/851 632/1113/851 687/1108/851
f 343/1114/852 399/1115/852 342/1116/852
f 341/1078/853 338/685/853 340/460/853
f 698/1117/854 699/1118/854 632/1119/854
f 631/1120/855 633/1121/855 632/875/855
f 81/1122/856 112/1123/856 110/1124/856
f 507/1125/857 502/1126/857 506/1127/857
f 47/1128/858 506/1127/858 502/1126/858
f 45/251/859 506/1129/859 47/1130/859
f 484/250/860 506/1129/860 45/251/860
f 124/1131/861 47/1128/861 502/1126/861
f 47/1130/862 80/1132/862 90/1133/862
f 500/1134/863 124/1131/863 501/1135/863
f 502/1126/864 503/1136/864 501/1135/864
f 124/1131/865 502/1126/865 501/1135/865
f 296/1137/866 297/1086/866 486/1138/866
f 296/1137/867 486/1138/867 487/1139/867
f 488/1140/868 296/1137/868 487/1139/868
f 300/1141/869 296/1137/869 488/1140/869
f 296/1142/870 300/1143/870 350/1144/870
f 296/1142/871 350/1144/871 346/1145/871
f 298/1146/872 394/1147/872 400/1148/872
f 394/1147/873 298/1146/873 393/1149/873
f 400/1150/874 350/1151/874 298/1152/874
f 399/1153/875 346/1154/875 400/1148/875
f 346/1155/876 350/1156/876 400/1148/876
f 346/1145/877 341/1078/877 293/1080/877
f 346/1154/878 399/1153/878 341/1157/878
f 293/1080/879 296/1142/879 346/1145/879
f 297/1086/880 606/1088/880 486/1138/880
f 486/1158/881 607/1159/881 487/1160/881
f 302/1161/882 301/1162/882 303/1163/882
f 583/1164/883 303/1165/883 610/1166/883
f 353/1167/884 302/1168/884 303/1163/884
f 488/1169/885 487/1160/885 579/1170/885
f 393/1149/886 299/1171/886 387/1172/886
f 298/1146/887 299/1171/887 393/1149/887
f 299/1173/888 298/1152/888 302/1174/888
f 300/1175/889 302/1174/889 350/1151/889
f 302/1174/890 298/1152/890 350/1151/890
f 301/1176/891 302/1174/891 300/1175/891
f 638/1177/892 362/1178/892 579/1170/892
f 579/1179/893 362/1180/893 301/1181/893
f 362/1182/894 356/1183/894 301/1184/894
f 579/1179/895 301/1181/895 488/1185/895
f 488/1185/896 301/1181/896 300/1186/896
f 607/1159/897 638/1177/897 487/1160/897
f 638/1177/898 579/1170/898 487/1160/898
f 301/1184/899 355/1187/899 303/1163/899
f 610/1188/900 303/1189/900 355/1190/900
f 356/1183/901 355/1187/901 301/1184/901
f 341/1157/902 399/1153/902 343/1114/902
f 400/1148/903 394/1147/903 399/1153/903
f 397/1191/904 394/1147/904 398/1192/904
f 399/1153/905 394/1147/905 397/1191/905
f 671/1193/906 357/1194/906 583/1195/906
f 353/1196/907 583/1195/907 357/1194/907
f 356/1197/908 499/1198/908 671/1199/908
f 357/1200/909 671/1201/909 248/1202/909
f 499/1203/910 248/1204/910 671/1205/910
f 248/1206/911 245/1207/911 357/1208/911
f 249/1209/912 247/1210/912 245/1211/912
f 245/1211/913 248/1212/913 249/1209/913
f 459/1213/914 499/1198/914 461/1214/914
f 461/1214/915 499/1198/915 362/1215/915
f 499/1198/916 356/1197/916 362/1215/916
f 499/1216/917 249/1217/917 248/1218/917
f 545/1219/918 459/1220/918 461/1221/918
f 546/1222/919 547/1223/919 460/1224/919
f 547/1225/920 249/1226/920 499/1227/920
f 544/1050/921 460/1054/921 459/1228/921
f 460/1224/922 547/1223/922 459/1229/922
f 547/1223/923 499/1230/923 459/1229/923
f 363/384/924 365/386/924 364/1231/924
f 368/382/925 363/384/925 360/1232/925
f 361/1233/926 360/1232/926 363/384/926
f 433/1234/927 404/1235/927 361/1236/927
f 661/1237/928 354/1238/928 359/1239/928
f 245/1207/929 368/382/929 358/1240/929
f 358/1240/930 368/382/930 360/1232/930
f 354/1241/931 358/1240/931 359/1242/931
f 359/1242/932 358/1240/932 360/1232/932
f 461/1221/933 544/1243/933 545/1219/933
f 544/1243/934 461/1221/934 607/1244/934
f 606/1245/935 544/1243/935 607/1244/935
f 545/1246/936 544/1050/936 459/1228/936
f 583/1195/937 353/1196/937 303/1247/937
f 355/1248/938 356/1249/938 583/1250/938
f 355/1251/939 583/1252/939 610/1253/939
f 671/1199/940 583/1252/940 356/1197/940
f 461/1254/941 638/1177/941 607/1159/941
f 461/1254/942 362/1178/942 638/1177/942
f 357/1208/943 245/1207/943 358/1240/943
f 357/1208/944 358/1240/944 353/1167/944
f 353/1167/945 354/1241/945 302/1168/945
f 358/1240/946 354/1241/946 353/1167/946
f 242/421/947 368/422/947 245/1211/947
f 359/1242/948 360/1232/948 361/1233/948
f 361/1255/949 363/1256/949 433/1257/949
f 427/1258/950 429/1259/950 354/1238/950
f 427/1260/951 428/1261/951 612/1262/951
f 354/1238/952 426/1263/952 427/1258/952
f 354/1238/953 661/1237/953 426/1263/953
f 567/1264/954 427/1265/954 426/1266/954
f 566/1267/955 427/1268/955 567/1269/955
f 386/1270/956 388/1271/956 401/1272/956
f 401/1273/957 388/1274/957 425/1275/957
f 390/1276/958 388/1271/958 386/1270/958
f 425/1275/959 388/1274/959 428/1277/959
f 594/1278/960 425/1279/960 426/1280/960
f 566/1267/961 425/1281/961 427/1268/961
f 567/1282/962 426/1283/962 425/1284/962
f 594/1278/963 426/1280/963 661/1285/963
f 427/1258/964 425/1275/964 428/1277/964
f 567/1282/965 425/1284/965 566/1286/965
f 428/1287/966 429/1288/966 612/1289/966
f 388/1274/967 429/1259/967 428/1277/967
f 388/1274/968 354/1238/968 429/1259/968
f 299/1290/969 354/1238/969 388/1274/969
f 299/1173/970 302/1174/970 354/1291/970
f 387/1172/971 392/1292/971 395/1293/971
f 387/1172/972 389/1294/972 392/1292/972
f 387/1172/973 395/1293/973 393/1149/973
f 393/1295/974 395/1296/974 398/1297/974
f 395/1293/975 392/1292/975 396/1298/975
f 398/1297/976 395/1296/976 396/1299/976
f 390/1276/977 391/1300/977 396/1298/977
f 392/1292/978 390/1276/978 396/1298/978
f 391/1300/979 397/1191/979 396/1298/979
f 299/1171/980 388/1271/980 387/1172/980
f 387/1172/981 388/1271/981 389/1294/981
f 388/1271/982 390/1276/982 389/1294/982
f 389/1301/983 608/1302/983 392/1303/983
f 397/1191/984 398/1192/984 396/1298/984
f 429/1304/985 427/1305/985 612/1306/985
f 389/1294/986 390/1276/986 608/1307/986
f 392/1292/987 608/1307/987 390/1276/987
f 398/1192/988 394/1147/988 393/1149/988
f 390/1276/989 386/1270/989 391/1300/989
f 617/1308/990 216/1309/990 220/1310/990
f 494/1311/991 219/1312/991 216/1309/991
f 447/1313/992 219/1312/992 498/1314/992
f 115/1315/993 124/1131/993 500/1134/993
f 573/1316/994 128/1317/994 218/1318/994
f 218/1319/995 448/1320/995 573/1321/995
f 447/1313/996 448/1320/996 218/1319/996
f 447/1322/997 498/1323/997 496/1324/997
f 452/1043/998 120/1325/998 421/1326/998
f 447/1322/999 120/1325/999 119/1327/999
f 448/1328/1000 447/1322/1000 119/1327/1000
f 218/1319/1001 219/1312/1001 447/1313/1001
f 496/373/1002 450/1329/1002 447/1330/1002
f 449/1331/1003 574/1332/1003 448/1333/1003
f 448/1328/1004 119/1327/1004 449/1334/1004
f 119/1327/1005 116/1335/1005 449/1334/1005
f 421/1326/1006 120/1325/1006 447/1322/1006
f 450/1336/1007 421/1326/1007 447/1322/1007
f 418/1337/1008 421/1326/1008 450/1336/1008
f 452/1043/1009 421/1326/1009 424/1017/1009
f 573/1316/1010 448/1338/1010 574/1339/1010
f 519/1340/1011 510/1341/1011 484/1342/1011
f 484/1342/1012 110/1124/1012 519/1340/1012
f 506/1127/1013 484/1342/1013 507/1125/1013
f 512/1343/1014 507/1125/1014 510/1341/1014
f 484/1342/1015 510/1341/1015 507/1125/1015
f 516/1344/1016 517/1345/1016 514/1346/1016
f 517/1345/1017 513/1347/1017 514/1346/1017
f 512/1343/1018 510/1341/1018 511/1348/1018
f 512/1343/1019 511/1348/1019 508/551/1019
f 510/1341/1020 513/1347/1020 511/1348/1020
f 519/1340/1021 514/1346/1021 510/1341/1021
f 516/1344/1022 514/1346/1022 519/1340/1022
f 514/1346/1023 513/1347/1023 510/1341/1023
f 241/419/1024 239/1349/1024 240/1350/1024
f 385/278/1025 380/1351/1025 413/1352/1025
f 438/253/1026 241/257/1026 240/1353/1026
f 383/1354/1027 380/254/1027 197/1355/1027
f 197/1355/1028 380/254/1028 438/253/1028
f 476/850/1029 239/1356/1029 243/1357/1029
f 476/850/1030 243/1357/1030 246/1358/1030
f 660/798/1031 381/1359/1031 438/1360/1031
f 184/1361/1032 183/1362/1032 381/1363/1032
f 183/1362/1033 195/782/1033 381/1363/1033
f 438/253/1034 381/1364/1034 197/1355/1034
f 381/1363/1035 195/782/1035 197/1365/1035
f 183/1362/1036 196/780/1036 195/782/1036
f 239/1349/1037 438/1366/1037 240/1350/1037
f 239/1367/1038 660/798/1038 438/1360/1038
f 413/1368/1039 380/1369/1039 383/1370/1039
f 383/1354/1040 197/1355/1040 382/1371/1040
f 383/1354/1041 382/1371/1041 384/1372/1041
f 197/1355/1042 201/1373/1042 382/1371/1042
f 197/1374/1043 195/782/1043 201/1375/1043
f 630/1376/1044 547/1223/1044 546/1222/1044
f 244/1377/1045 247/1378/1045 693/1065/1045
f 693/1065/1046 247/1378/1046 694/1049/1046
f 694/1049/1047 247/1378/1047 630/1070/1047
f 244/1377/1048 693/1065/1048 692/867/1048
f 247/1210/1049 249/1209/1049 630/1379/1049
f 630/1380/1050 249/1381/1050 547/1382/1050
f 184/1383/1051 381/1384/1051 185/1385/1051
f 185/801/1052 183/800/1052 184/1386/1052
f 660/798/1053 239/1367/1053 476/799/1053
f 660/798/1054 185/804/1054 381/1359/1054
f 247/1210/1055 244/1387/1055 242/421/1055
f 243/1388/1056 241/419/1056 242/421/1056
f 244/1387/1057 243/1388/1057 242/421/1057
f 243/1388/1058 239/1349/1058 241/419/1058
f 242/421/1059 245/1211/1059 247/1210/1059
f 246/1389/1060 243/1388/1060 244/1387/1060
f 692/851/1061 246/1358/1061 244/1390/1061
f 476/850/1062 246/1358/1062 692/851/1062
f 565/874/1063 692/867/1063 693/1065/1063
f 260/993/1064 270/995/1064 644/510/1064
f 260/993/1065 266/991/1065 270/995/1065
f 259/989/1066 260/993/1066 258/997/1066
f 258/1391/1067 591/1392/1067 589/1393/1067
f 258/1391/1068 260/1394/1068 591/1392/1068
f 270/995/1069 273/474/1069 644/510/1069
f 260/993/1070 644/510/1070 591/1395/1070
f 651/515/1071 649/517/1071 277/1396/1071
f 261/639/1072 589/1393/1072 590/640/1072
f 276/1397/1073 273/474/1073 277/1398/1073
f 651/994/1074 277/1398/1074 273/474/1074
f 258/1391/1075 589/1393/1075 261/639/1075
f 262/643/1076 258/997/1076 261/644/1076
f 700/1399/1077 359/1400/1077 361/1236/1077
f 361/1236/1078 404/1235/1078 700/916/1078
f 404/1235/1079 405/917/1079 700/916/1079
f 401/1273/1080 425/1275/1080 700/1401/1080
f 386/1270/1081 401/1272/1081 402/1402/1081
f 391/1300/1082 386/1270/1082 402/1402/1082
f 661/1403/1083 425/1404/1083 594/1405/1083
f 661/1237/1084 359/1239/1084 700/1401/1084
f 700/1401/1085 425/1275/1085 661/1237/1085
f 345/1406/1086 402/1407/1086 401/1408/1086
f 700/916/1087 351/918/1087 401/1408/1087
f 401/1408/1088 351/918/1088 345/1406/1088
f 397/1191/1089 391/1300/1089 402/1402/1089
f 399/1153/1090 397/1191/1090 402/1402/1090
f 627/560/1091 626/1409/1091 623/559/1091
f 625/1410/1092 322/1411/1092 627/1412/1092
f 432/1413/1093 585/632/1093 431/631/1093
f 172/1414/1094 585/632/1094 432/1413/1094
f 585/613/1095 172/1415/1095 614/634/1095
f 432/1413/1096 173/1416/1096 172/1414/1096
f 173/1417/1097 168/572/1097 172/575/1097
f 603/1418/1098 621/1419/1098 620/1420/1098
f 364/394/1099 432/393/1099 431/920/1099
f 433/919/1100 364/394/1100 431/920/1100
f 363/384/1101 364/1231/1101 433/1421/1101
f 364/394/1102 365/396/1102 430/392/1102
f 620/1422/1103 626/1423/1103 603/1424/1103
f 548/1425/1104 549/1426/1104 543/1427/1104
f 496/373/1105 498/1428/1105 494/374/1105
f 498/1314/1106 219/1312/1106 494/1311/1106
f 492/370/1107 494/374/1107 495/1429/1107
f 333/1430/1108 420/1431/1108 334/1432/1108
f 333/1433/1109 439/1434/1109 420/1435/1109
f 439/1434/1110 440/1436/1110 420/1435/1110
f 496/373/1111 418/375/1111 450/1329/1111
f 334/1437/1112 420/1438/1112 422/1439/1112
f 251/1440/1113 334/1441/1113 676/281/1113
f 251/1442/1114 256/1443/1114 333/1430/1114
f 251/1442/1115 333/1430/1115 334/1432/1115
f 676/281/1116 334/1441/1116 422/335/1116
f 420/1435/1117 440/1436/1117 419/1444/1117
f 440/1436/1118 424/1445/1118 419/1444/1118
f 422/1439/1119 420/1438/1119 418/1446/1119
f 420/1438/1120 419/1447/1120 418/1446/1120
f 424/1448/1121 421/1449/1121 419/1447/1121
f 418/1446/1122 419/1447/1122 421/1449/1122
f 423/1450/1123 422/1439/1123 418/1446/1123
f 511/1348/1124 515/982/1124 509/984/1124
f 521/1451/1125 523/1452/1125 542/1453/1125
f 165/1454/1126 522/1455/1126 166/1456/1126
f 165/1454/1127 523/1452/1127 522/1455/1127
f 542/1453/1128 523/1452/1128 165/1454/1128
f 522/1457/1129 523/1458/1129 516/1344/1129
f 542/1453/1130 165/1454/1130 541/1459/1130
f 523/1458/1131 521/1460/1131 517/1345/1131
f 516/1344/1132 523/1458/1132 517/1345/1132
f 522/1457/1133 516/1344/1133 519/1340/1133
f 166/1461/1134 522/1457/1134 519/1340/1134
f 112/1123/1135 519/1340/1135 110/1124/1135
f 110/1462/1136 484/1463/1136 36/1464/1136
f 41/1465/1137 484/1463/1137 93/1466/1137
f 36/1464/1138 484/1463/1138 41/1465/1138
f 165/1005/1139 166/1467/1139 123/1006/1139
f 112/1123/1140 166/1461/1140 519/1340/1140
f 210/1468/1141 208/1469/1141 205/1470/1141
f 485/1471/1142 224/1472/1142 210/1473/1142
f 208/1469/1143 207/1474/1143 202/1475/1143
f 202/1475/1144 207/1474/1144 209/1476/1144
f 208/1469/1145 221/1477/1145 207/1474/1145
f 208/1478/1146 224/1472/1146 221/1479/1146
f 224/1472/1147 208/1478/1147 210/1473/1147
f 222/1480/1148 446/1481/1148 223/1482/1148
f 221/1483/1149 224/1484/1149 222/1485/1149
f 446/1486/1150 253/1487/1150 223/270/1150
f 223/1488/1151 221/1483/1151 222/1485/1151
f 533/1489/1152 224/1490/1152 467/1491/1152
f 224/1492/1153 446/1481/1153 222/1480/1153
f 533/1493/1154 446/1481/1154 224/1492/1154
f 485/1494/1155 467/1495/1155 224/1496/1155
f 465/1497/1156 467/1498/1156 485/1499/1156
f 227/404/1157 228/403/1157 317/405/1157
f 228/403/1158 437/1500/1158 317/405/1158
f 437/380/1159 315/1501/1159 317/1502/1159
f 618/1503/1160 437/1504/1160 228/1505/1160
f 325/1506/1161 326/1507/1161 320/1508/1161
f 437/380/1162 371/1509/1162 315/1501/1162
f 315/1501/1163 371/1509/1163 325/1510/1163
f 553/1511/1164 558/1512/1164 554/1513/1164
f 319/1514/1165 553/1511/1165 554/1513/1165
f 554/1513/1166 314/1515/1166 319/1514/1166
f 554/1513/1167 558/1512/1167 555/1516/1167
f 555/1517/1168 558/1518/1168 659/1519/1168
f 320/1520/1169 323/1521/1169 319/1514/1169
f 554/1513/1170 555/1516/1170 314/1515/1170
f 319/1522/1171 314/1523/1171 320/1524/1171
f 168/572/1172 173/1417/1172 322/581/1172
f 316/417/1173 322/1525/1173 173/416/1173
f 321/1526/1174 322/1525/1174 316/417/1174
f 315/1527/1175 314/1523/1175 316/417/1175
f 315/1527/1176 316/417/1176 317/418/1176
f 314/1523/1177 321/1526/1177 316/417/1177
f 471/1528/1178 475/1529/1178 253/1530/1178
f 253/1487/1179 676/281/1179 223/270/1179
f 675/267/1180 676/281/1180 422/335/1180
f 533/1489/1181 473/1531/1181 470/1532/1181
f 473/1533/1182 472/1534/1182 470/1535/1182
f 252/1536/1183 253/1537/1183 475/1538/1183
f 446/1539/1184 470/1532/1184 253/1540/1184
f 253/1530/1185 470/1535/1185 471/1528/1185
f 253/1487/1186 251/1440/1186 676/281/1186
f 252/1536/1187 251/1541/1187 253/1537/1187
f 533/1489/1188 470/1532/1188 446/1539/1188
f 250/1542/1189 251/1541/1189 252/1536/1189
f 504/1543/1190 508/551/1190 505/553/1190
f 503/1136/1191 508/551/1191 504/1543/1191
f 507/1125/1192 508/551/1192 503/1136/1192
f 472/1544/1193 528/1545/1193 444/1546/1193
f 528/1545/1194 445/1547/1194 444/1546/1194
f 445/1547/1195 474/1548/1195 444/1546/1195
f 444/1549/1196 474/1550/1196 471/1528/1196
f 471/1528/1197 474/1550/1197 475/1529/1197
f 472/1534/1198 444/1549/1198 471/1528/1198
f 470/1535/1199 472/1534/1199 471/1528/1199
f 518/1551/1200 534/1552/1200 532/1553/1200
f 513/1347/1201 517/1345/1201 518/1551/1201
f 220/1554/1202 217/1555/1202 126/1556/1202
f 125/1557/1203 550/1558/1203 551/1559/1203
f 127/1560/1204 550/1558/1204 125/1561/1204
f 126/1556/1205 125/1562/1205 551/1563/1205
f 215/1564/1206 128/1565/1206 556/1566/1206
f 217/1555/1207 214/1567/1207 126/1568/1207
f 127/1560/1208 552/1569/1208 550/1558/1208
f 552/1569/1209 323/1521/1209 550/1558/1209
f 556/1570/1210 552/1569/1210 127/1560/1210
f 537/1571/1211 167/1572/1211 538/1573/1211
f 542/1453/1212 541/1459/1212 536/1574/1212
f 536/1574/1213 541/1459/1213 540/1575/1213
f 531/1576/1214 536/1574/1214 529/1577/1214
f 529/1577/1215 536/1574/1215 535/1578/1215
f 537/1571/1216 540/1575/1216 167/1572/1216
f 535/1578/1217 536/1574/1217 537/1571/1217
f 536/1574/1218 540/1575/1218 537/1571/1218
f 399/1579/1219 402/1407/1219 342/1580/1219
f 342/1580/1220 402/1407/1220 345/1406/1220
f 604/1581/1221 605/1582/1221 603/1583/1221
f 605/1582/1222 621/1584/1222 603/1583/1222
f 605/1585/1223 116/1335/1223 115/1586/1223
f 574/1339/1224 604/1587/1224 572/1588/1224
f 574/1332/1225 449/1331/1225 604/1589/1225
f 449/1590/1226 605/1582/1226 604/1581/1226
f 116/1335/1227 605/1585/1227 449/1334/1227
f 659/1591/1228 604/1592/1228 603/1593/1228
f 181/1594/1229 173/1416/1229 432/1413/1229
f 640/1595/1230 617/1596/1230 220/1597/1230
f 216/1598/1231 214/1567/1231 217/1555/1231
f 220/1554/1232 216/1598/1232 217/1555/1232
f 215/1564/1233 218/1599/1233 128/1600/1233
f 219/1601/1234 218/1599/1234 215/1564/1234
f 219/1601/1235 214/1567/1235 216/1598/1235
f 214/1567/1236 219/1601/1236 215/1564/1236
f 556/1570/1237 557/1602/1237 553/1511/1237
f 128/1603/1238 557/1602/1238 556/1570/1238
f 556/1570/1239 553/1511/1239 552/1569/1239
f 500/1604/1240 501/1605/1240 621/1419/1240
f 605/1606/1241 500/1604/1241 621/1419/1241
f 115/1607/1242 500/1604/1242 605/1606/1242
f 131/1608/1243 619/1609/1243 539/1610/1243
f 529/1577/1244 445/1547/1244 528/1545/1244
f 529/1577/1245 535/1578/1245 445/1547/1245
f 539/1610/1246 619/1609/1246 409/1611/1246
f 593/1612/1247 539/1613/1247 408/1614/1247
f 408/1615/1248 539/1616/1248 409/1617/1248
f 445/1618/1249 535/1619/1249 593/1620/1249
f 535/1619/1250 539/1621/1250 593/1620/1250
f 537/1571/1251 538/1573/1251 539/1613/1251
f 539/1613/1252 535/1578/1252 537/1571/1252
f 445/1618/1253 593/1620/1253 592/1622/1253
f 445/1618/1254 592/1622/1254 475/1623/1254
f 474/1624/1255 445/1618/1255 475/1623/1255
f 592/1622/1256 593/1620/1256 408/1625/1256
f 409/1626/1257 619/1627/1257 559/1628/1257
f 559/1628/1258 129/1629/1258 134/1630/1258
f 619/1627/1259 129/1629/1259 559/1628/1259
f 410/1631/1260 409/1632/1260 559/1633/1260
f 559/1628/1261 134/1630/1261 257/1634/1261
f 133/1635/1262 137/1636/1262 136/1637/1262
f 133/1635/1263 136/1637/1263 135/1638/1263
f 134/1639/1264 133/1635/1264 135/1638/1264
f 129/1640/1265 130/1641/1265 134/1639/1265
f 134/1639/1266 130/1641/1266 133/1635/1266
f 136/1642/1267 250/1542/1267 135/1643/1267
f 134/1639/1268 135/1638/1268 257/1644/1268
f 257/1645/1269 135/1643/1269 254/1646/1269
f 504/1543/1270 501/1135/1270 503/1136/1270
f 503/1136/1271 502/1126/1271 507/1125/1271
f 557/1602/1272 558/1512/1272 553/1511/1272
f 573/1316/1273 557/1647/1273 128/1317/1273
f 573/1316/1274 572/1588/1274 557/1647/1274
f 574/1339/1275 572/1588/1275 573/1316/1275
f 320/1524/1276 314/1523/1276 315/1527/1276
f 315/1527/1277 325/1506/1277 320/1508/1277
f 481/750/1278 182/749/1278 183/800/1278
f 481/750/1279 183/800/1279 186/829/1279
f 183/1362/1280 182/753/1280 196/780/1280
f 198/759/1281 196/780/1281 182/753/1281
f 198/759/1282 206/781/1282 196/780/1282
f 198/759/1283 211/747/1283 206/781/1283
f 321/1648/1284 626/1423/1284 627/1412/1284
f 322/1411/1285 321/1648/1285 627/1412/1285
f 626/1423/1286 555/1517/1286 603/1424/1286
f 321/1648/1287 555/1517/1287 626/1423/1287
f 314/1523/1288 555/1649/1288 321/1526/1288
f 620/1420/1289 624/556/1289 623/559/1289
f 622/1650/1290 624/556/1290 620/1420/1290
f 501/1605/1291 504/1651/1291 622/1650/1291
f 504/1651/1292 505/1652/1292 622/1650/1292
f 621/1419/1293 501/1605/1293 622/1650/1293
f 411/1653/1294 412/354/1294 370/353/1294
f 497/376/1295 412/377/1295 411/1654/1295
f 411/1653/1296 370/353/1296 371/1655/1296
f 497/376/1297 411/1654/1297 371/1656/1297
f 437/380/1298 497/379/1298 371/1509/1298
f 517/1345/1299 521/1460/1299 534/1552/1299
f 517/1345/1300 534/1552/1300 518/1551/1300
f 534/1657/1301 542/1453/1301 531/1576/1301
f 542/1453/1302 534/1657/1302 521/1451/1302
f 508/551/1303 509/984/1303 178/587/1303
f 508/551/1304 511/1348/1304 509/984/1304
f 513/1347/1305 520/985/1305 515/982/1305
f 513/1347/1306 518/1551/1306 520/985/1306
f 464/755/1307 463/978/1307 462/756/1307
f 558/1518/1308 557/1658/1308 572/1659/1308
f 558/1518/1309 572/1659/1309 659/1519/1309
f 572/1660/1310 604/1592/1310 659/1591/1310
f 620/1420/1311 623/559/1311 626/1409/1311
f 622/1650/1312 505/1652/1312 624/556/1312
f 659/1519/1313 603/1424/1313 555/1517/1313
f 135/1661/1314 250/1662/1314 254/1663/1314
f 250/1662/1315 252/1664/1315 254/1663/1315
f 252/1665/1316 475/1623/1316 255/1666/1316
f 254/1663/1317 255/1667/1317 257/1668/1317
f 255/1667/1318 408/1615/1318 410/1669/1318
f 252/1664/1319 255/1667/1319 254/1663/1319
f 256/1670/1320 251/1541/1320 250/1542/1320
f 136/1642/1321 256/1670/1321 250/1542/1321
f 204/1671/1322 205/1470/1322 203/1672/1322
f 204/1671/1323 201/1375/1323 195/782/1323
f 199/1673/1324 203/1672/1324 202/1475/1324
f 205/1470/1325 202/1475/1325 203/1672/1325
f 203/1672/1326 199/1673/1326 201/1375/1326
f 199/1673/1327 382/1674/1327 201/1375/1327
f 382/1674/1328 199/1673/1328 200/1675/1328
f 202/1475/1329 205/1470/1329 208/1469/1329
f 204/1671/1330 203/1672/1330 201/1375/1330
f 641/1676/1331 492/370/1331 495/1429/1331
f 493/372/1332 492/370/1332 641/1676/1332
f 641/1677/1333 640/1595/1333 642/1678/1333
f 324/1679/1334 641/1677/1334 642/1678/1334
f 324/1680/1335 369/357/1335 493/1681/1335
f 324/1679/1336 493/1682/1336 641/1677/1336
f 323/1683/1337 324/1679/1337 642/1678/1337
f 369/357/1338 324/1680/1338 326/1684/1338
f 513/1347/1339 515/982/1339 511/1348/1339
f 620/1420/1340 621/1419/1340 622/1650/1340
f 532/1685/1341 466/1686/1341 462/1687/1341
f 532/1685/1342 462/1687/1342 520/1688/1342
f 507/1125/1343 512/1343/1343 508/551/1343
f 592/1622/1344 408/1625/1344 255/1666/1344
f 495/1689/1345 617/1596/1345 640/1595/1345
f 641/1677/1346 495/1689/1346 640/1595/1346
f 542/1453/1347 536/1574/1347 531/1576/1347
f 520/985/1348 518/1551/1348 532/1553/1348
f 384/258/1349 414/260/1349 383/1690/1349
f 383/1691/1350 414/1692/1350 413/1693/1350
f 580/1694/1351 207/319/1351 384/318/1351
f 382/1695/1352 200/1696/1352 581/1697/1352
f 581/1698/1353 384/318/1353 382/1699/1353
f 581/1698/1354 580/1700/1354 384/318/1354
f 200/1696/1355 209/1701/1355 580/1702/1355
f 200/1696/1356 580/1702/1356 581/1697/1356
f 255/1666/1357 475/1623/1357 592/1622/1357
f 408/1615/1358 409/1617/1358 410/1669/1358
f 617/1308/1359 495/1703/1359 494/1311/1359
f 494/1311/1360 216/1309/1360 617/1308/1360
f 539/1704/1361 538/1705/1361 131/1706/1361
f 571/998/1362 131/1706/1362 538/1705/1362
f 167/1002/1363 540/1037/1363 163/1003/1363
f 324/1707/1364 323/1708/1364 320/1508/1364
f 324/1707/1365 320/1508/1365 326/1507/1365
f 530/1709/1366 531/1576/1366 529/1577/1366
f 530/1709/1367 466/1686/1367 532/1685/1367
f 534/1657/1368 531/1576/1368 530/1709/1368
f 532/1685/1369 534/1657/1369 530/1709/1369
f 209/1476/1370 207/1474/1370 580/1710/1370
f 199/1673/1371 209/1711/1371 200/1675/1371
f 199/1712/1372 202/1713/1372 209/1714/1372
f 323/1521/1373 552/1569/1373 553/1511/1373
f 323/1521/1374 553/1511/1374 319/1514/1374
f 550/1715/1375 642/1678/1375 640/1595/1375
f 550/1715/1376 323/1683/1376 642/1678/1376
f 167/1716/1377 164/1001/1377 571/998/1377
f 167/1716/1378 571/998/1378 538/1705/1378
f 325/1506/1379 371/1717/1379 326/1507/1379
f 255/1718/1380 410/1631/1380 559/1633/1380
f 255/1718/1381 559/1633/1381 257/1719/1381
f 195/782/1382 206/781/1382 204/1671/1382
f 211/747/1383 210/1468/1383 206/781/1383
f 206/781/1384 210/1468/1384 205/1470/1384
f 206/781/1385 205/1470/1385 204/1671/1385
f 571/1720/1386 133/1721/1386 130/1722/1386
f 131/1723/1387 571/1720/1387 130/1722/1387
f 370/1724/1388 369/357/1388 326/1684/1388
f 485/1725/1389 210/1468/1389 211/747/1389
f 465/1726/1390 485/1725/1390 211/747/1390
f 530/1709/1391 529/1577/1391 528/1545/1391
f 550/1715/1392 640/1595/1392 551/1727/1392
f 551/1727/1393 640/1595/1393 220/1597/1393
f 220/1728/1394 126/1556/1394 551/1729/1394
f 530/1709/1395 528/1545/1395 473/1531/1395
f 530/1709/1396 473/1531/1396 533/1489/1396
f 530/1709/1397 533/1489/1397 467/1491/1397
f 473/1531/1398 528/1545/1398 472/1544/1398
f 371/1717/1399 370/1730/1399 326/1507/1399
f 466/1686/1400 530/1709/1400 467/1491/1400
